Item name,SKU,Category,Items sold,Gross sales,Items refunded,Refunds,Discounts,Net sales
A15 - Apel WS isi 9 TATTO,1559,Imlek,2,725039.0927866101,0,0,0,725039.0927866101
A16 - Apel WS isi 9 POLOS,2628,Imlek,2,897982.0474330336,0,0,0,897982.0474330336
A17 - Apel WS isi 9 OCTAGON TATTO,2629,Imlek,2,1251487.8563350067,0,0,0,1251487.8563350067
A25 - Apel ALL isi 9 TATTO,2643,Imlek,1,589250.9599775076,0,0,0,589250.9599775076
AAA - Bihun Kecil 220 g SB,1041,Sukses,20,597401.7361132428,0,0,4389.872757439036,593011.8633558038
AAA - Pickle Lettuce 180 g SB,952,Sukses,27,1408028.7174358964,0,0,10581.400998045458,1397447.316437851
Anggur Adora Black Seedless,1524,Buah Import,36.62,7597507.709286441,0,0,265381.9430695509,7332125.76621689
Anggur Adora Cordoma Australia,10544,Buah Import,1.09,263203.2479227055,0,0,96588.3478615433,166614.9000611622
Anggur Autumn Crips,2326,Buah Import,0.61,153659.54824257642,0,0,0,153659.54824257642
Anggur Autumn Peacock Bunch,10660,Buah Import,27.3,5324860.885043163,0,0,4146.929404023103,5320713.95563914
Anggur Autumn Royal Box,10636,Buah Import,39,2298301.586174639,1,40000,73895.56518593337,2160785.2158350823
Anggur Black Autumn Peacock box,2289,Buah Import,90.78,12872572.170845736,0,0,812790.5484647378,12059781.622380998
Anggur Crimson,1736,Buah Import,18.2,2921326.7524253577,0,0,73301.91343977302,2848024.8389855847
Anggur Crimson Box,10622,Buah Import,58,5832154.203932732,1,40000,290737.59041621117,5447349.610227283
Anggur Kyoho,10576,Buah Import,9,7498142.399867065,0,0,225471.91905378038,7272670.480813285
Anggur Long Crimson Australia Seedless,2117,Buah Import,21.9,4005797.4338992964,0,0,224853.8110352587,3780943.6228640378
Anggur Midnight Beauty,2420,Buah Import,5.84,1552451.2265744433,0,0,122282.1171616856,1430169.1094127577
Anggur Muscat Box Peacock,10624,Buah Import,50,5271738.196606748,0,0,16015.5406412913,5255722.655965457
Anggur Muscat Box Sunfruit,1874,Buah Import,118,10702057.386108208,1,45000,802517.0980941912,9825151.566609187
Anggur Muscat Box WMR,10587,Buah Import,132,16462148.03597657,2,110000,736385.4928903785,15455891.263807887
Anggur Muscat pack,10620,Buah Import,493,41954753.98391253,3,139000,3093477.947102166,38612371.416406006
Anggur Muscat Premium Bunch,10601,Buah Import,131.86,26345352.671360627,0,0,43079.37304083025,26302273.298319794
Anggur Muscat Premium Bunch Peacock,10623,Buah Import,136.24,26790515.677141212,0.96,112800,2850433.0814654063,23751306.208050616
Anggur Muscat WOW curah,10459,Buah Import,0.2,42346.90808644518,0,0,0,42346.90808644518
Anggur Queen Nina,10582,Buah Import,8,4059762.8824599087,0,0,513386.01479335874,3546376.86766655
Anggur Red Globe 400 g,10209,Buah Import,38,1815334.6590157598,0,0,90467.04772244953,1724867.6112933103
Anggur Red Globe 800 g,1368,Buah Import,4,584175.1881828532,0,0,0,584175.1881828532
Anggur Red Globe curah,10524,Buah Import,0.4,31417.966946028173,0,0,15708.983473014086,15708.983473014086
Anggur Red Globe Jumbo AUS,2211,Buah Import,15.2,2194295.2562600374,0,0,3486.002855526749,2190809.2534045107
Anggur Red Globe RRC curah,10563,Buah Import,1.77,308119.80042887153,0,0,99225.02047709422,208894.7799517773
Anggur Ruby Gem Dino,1817,Buah Import,30,3210460.872517433,0,0,333483.5862103014,2876977.286307132
Anggur Sweet Saphire AUS,10159,Buah Import,16.53,2628065.2935999446,0.4,39600,0,2564470.2471728437
Apel Candy Strawberry,1475,Buah Import,26,2600894.69486475,2,96000,201225.4705630336,2199600.4016198125
Apel Dazzle Besar,10298,Buah Import,61.49,9210074.028632268,0.59,51920,362936.2711134376,8758766.580467392
Apel Dazzle JUMBO,1126,Buah Import,15.34,3320070.867483923,0,0,161404.43458578084,3158666.4328981424
Apel Envy,10107,Buah Import,130.31,25420963.783338647,0.22,18700,734156.3667306863,24644086.716900893
Apel Envy Bag,10606,Buah Import,109,15641884.532442782,1,69000,242581.2750936835,15255799.729528522
Apel Envy Jumbo,1301,Buah Import,24.04,4690655.038069289,0,0,273246.8125189233,4417408.225550366
Apel Envy Premium,10647,Buah Import,129.16,24404628.66037511,1.63,154850,601437.9936649892,23495204.10185714
Apel Envy Premium Jumbo USA,1680,Buah Import,183.99,41961560.8792393,0,0,2599907.1596735283,39361653.71956577
Apel Fuji 88,2261,Buah Import,186.77,16561229.385306068,0.68,31960,516387.84133327473,15975443.215002801
Apel Fuji Premium Besar,10611,Buah Import,43.62,5295639.685154166,0,0,55572.785867968574,5240066.8992861975
Apel Fuji Wang Shan GAMBAR,10560,Buah Import,13.54,2003323.3764063101,0,0,53553.22017578827,1949770.1562305219
Apel Fuji Wang Shan JUMBO,10562,Buah Import,31.51,5508858.018911071,1.25,100000,225027.104320094,5068097.60140302
Apel Fuji Wang Shan M,1873,Buah Import,117.99,11873508.194182519,0,0,702581.4704824849,11170926.723700034
Apel Fuji Wang Shan Premium,1637,Buah Import,28.81,4915340.600368625,0,0,10695.798734560376,4904644.801634065
Apel Fuji Wang Shan TATTO,10558,Buah Import,19.78,3115707.5975598535,0,0,2052.581733789528,3113655.015826064
Apel Fuji Widerways GAMBAR,10074,Buah Import,28.7,2850018.592019216,0,0,62805.12937813648,2787213.46264108
Apel Fuji Widerways Premium,580,Buah Import,36.14,5467026.532154954,0,0,725192.8142676232,4741833.717887331
Apel Granny Smith,1790,Buah Import,208.55,21894896.120926946,0,0,16135.796694564633,21878760.324232385
Apel Granny Smith China Jumbo,10665,Buah Import,5.43,576007.4975771131,0,0,0,576007.4975771131
Apel Granny Smith JUMBO,10628,Buah Import,114.15,13559461.620976798,0,0,7873.8379226997495,13551587.783054098
Apel Jade Snow Wang Shan,2258,Buah Import,43.07,11889177.288649976,0,0,357475.84371492267,11531701.444935054
Apel Lori pack,2058,Buah Import,5,379236.4606820047,0,0,13262.215060433606,365974.2456215711
Apel Miranda,10565,Buah Import,38,5135476.390934549,0,0,974391.403193013,4161084.9877415365
Apel Red Del USA,98,Buah Import,42,4171184.955778497,0,0,673229.5700665321,3497955.3857119647
Apel Rockit tube isi 4,10208,Buah Import,38,7161676.919599995,0,0,1156688.4792530816,6004988.440346913
Apel Royal Gala JUMBO,628,Buah Import,24.84,3351777.2087480407,0,0,551106.4079459896,2800670.800802051
Apel Royal Gala NZ,1053,Buah Import,32.1,3226629.013924906,0,0,241452.99218446226,2985176.021740444
Apel Widerways Medium,10503,Buah Import,3.95,408032.39620197564,0,0,0,408032.39620197564
Aqua Botol 600 ml,1449,Minuman,225,1056329.142098548,0,0,1646.9345024363138,1054682.2075961116
Aqua botol 600 ml DUS,10554,Minuman,27,2376978.917366825,0,0,27829.614988373127,2349149.302378452
Aqua Galon + isi,10656,Minuman,1,102675.02794764005,0,0,0,102675.02794764005
AQUA Galon 19 Lt,2672,Minuman,32,1221474.552330561,2,42000,28462.69568037428,1117456.7297019046
Arak Masak cap Gentong 600 ml SB,1971,Sukses,19,1135616.3071822375,0,0,605.994082049001,1135010.3131001885
Aroma - Back Bacon 250 g,1458,Babi,12,1540467.2690620646,0,0,27931.472437675344,1512535.7966243892
Aroma - Streaky Bacon 250 g,1457,Babi,20,1831799.470987171,0,0,2967.867412128253,1828831.6035750427
Asem Jawa pack ± 100 g,291,Bumbu,12,89341.42001671717,0,0,352.4022678437177,88989.01774887345
Ayam Kampung Frozen,2562,Ayam,19.53,3182669.6784239262,0,0,26960.21069760667,3155709.4677263196
Ayam Kampung ± 1 kg,170,Ayam Kampung,43,10588493.952923454,0,0,33151.835834467085,10555342.117088987
"Ayam Kampung ± 1,1 kg",1139,Ayam Kampung,69,16318168.51080861,0,0,36033.268015962094,16282135.242792647
"Ayam Kampung ± 1,2 kg",418,Ayam Kampung,65,19289834.39700678,0,0,55604.184177218005,19234230.21282956
"Ayam Kampung ± 1,3 kg",172,Ayam Kampung,35,7421692.807308864,0,0,19087.6152156326,7402605.192093231
"Ayam Kampung ± 1,4 kg",10146,Ayam Kampung,8,2040103.658735752,0,0,6661.302749997005,2033442.355985755
Ayam Kampung ± 9 ons,169,Ayam Kampung,4,628931.9674205035,0,0,0,628931.9674205035
Baby Buncis Organik pack ± 250 g,1211,OR sayur organik,376,9448706.647991203,5,73000,95659.46452887682,9237703.44010056
Baby Cumi box ± 500 g,305,Seafood Lokal,13,1289450.9476656094,0,0,29776.398037631996,1259674.5496279774
Baby Cumi box ± 250 g,266,Seafood Lokal,32,1870785.3965759277,0,0,36445.60339481756,1834339.7931811102
Baby Kailan Organik pack ± 250 g,1203,OR sayur organik,279,5225142.634401564,1,10000,114140.33799148304,5092274.186609358
Baby Labu Siam,368,OR sayur organik,26,612143.1044186465,0,0,8359.67736957362,603783.4270490729
Baby Layur Asin 100 g,1347,Asinan,17,437215.4127340764,0,0,7398.713525608182,429816.6992084682
Baby Roman Hidroponik +/- 250 g,10550,Sayur Hidroponik,163,7108445.046795998,2,38000,202660.6895081862,6818564.172664547
Baby Sawi Hijau Organik ± 250 g,9,OR sayur organik,261,2562960.618752986,4,20000,31126.714824993163,2492554.8139854185
Baby Sawi Sendok Organik pack ± 250g,1244,OR sayur organik,511,7375370.475635864,3,21000,89007.68231190718,7243577.494984632
Balducci - Maccheroni 500g,1022,SK,10,308065.1941790711,0,0,5451.964026215253,302613.23015285586
Balducci - Spaghetti 500g,1021,SK,4,131943.5351025313,0,0,0,131943.5351025313
Bamboe AYAM BAKAR BUMBU RUJAK,1904,Bamboe,8,114487.31665033847,0,0,490.3873396522831,113996.92931068619
Bamboe AYAM GORENG,1255,Bamboe,23,429681.9893270731,0,0,764.7093954980373,428917.27993157506
Bamboe AYAM GORENG KALASAN,2123,Bamboe,16,290652.9227178544,0,0,3238.357980614761,287414.5647372396
Bamboe BALADO,10118,Bamboe,22,407685.85069687106,0,0,1111.8705019005574,406573.9801949705
Bamboe BALI,1354,Bamboe,17,252956.08997228555,0,0,0,252956.08997228555
Bamboe EMPAL,10114,Bamboe,19,313839.3708784133,0,0,1263.616414326243,312575.7544640871
Bamboe GADO-GADO,10530,Bamboe,3,125698.71569238603,0,0,39596.22786396369,86102.48782842234
Bamboe GULE,1256,Bamboe,1,12694.892204599455,0,0,0,12694.892204599455
Bamboe KARE,10119,Bamboe,6,75329.40819044597,0,0,1324.1235973031726,74005.2845931428
Bamboe KRENGSENGAN,1902,Bamboe,8,107643.41752510518,0,0,6575.218753825175,101068.19877128
Bamboe LODEH,1258,Bamboe,9,165430.37051917054,0,0,0,165430.37051917054
Bamboe NASI GORENG,1257,Bamboe,10,169224.3371740915,0,0,0,169224.3371740915
Bamboe NASI GORENG PEDAS,1901,Bamboe,10,180633.70087766089,0,0,0,180633.70087766089
Bamboe OPOR,10081,Bamboe,12,170162.84532146528,0,0,1450.1655817951541,168712.67973967013
Bamboe PECEL,10532,Bamboe,6,231615.87598943152,0,0,2816.9498431147076,228798.9261463168
Bamboe RAWON,10048,Bamboe,23,367071.7969344696,0,0,963.9624580366071,366107.834476433
Bamboe RENDANG,10117,Bamboe,11,204799.37191936187,0,0,548.6140750809573,204250.75784428092
Bamboe SAMBAL GORENG ATI,2122,Bamboe,5,71910.8500488801,0,0,0,71910.8500488801
Bamboe SATE,10531,Bamboe,6,245638.05757951923,0,0,2250.5757167420816,243387.48186277715
Bamboe SAYUR ASEM,1260,Bamboe,2,27820.569371106103,0,0,476.65908855828457,27343.91028254782
Bamboe SOTO AYAM,10116,Bamboe,20,236132.06364680082,0,0,4085.084701089654,232046.97894571116
Bamboe SOTO BETAWI,1903,Bamboe,10,177216.01710654795,0,0,7655.7319390028715,169560.28516754508
Bamboe SOTO DAGING (Soto Madura),1353,Bamboe,31,355305.99543883,0,0,6623.20939454576,348682.78604428424
Bamboe TOM YUM,2134,Bamboe,19,362474.7669696808,0,0,13341.615107059479,349133.1518626213
Bamboe TONGSENG,10120,Bamboe,11,170652.89177000523,0,0,3005.817980039865,167647.07378996536
Basil Leaves pack ± 50 g,493,Sayur,183,3066487.348476425,1,7000,49717.311272839084,3000013.2757365014
Bawang Bombay,329,Sayur Pelengkap,80.07,8103388.7798701525,0.79,43450,64367.46095090383,7959070.311849218
Bawang Goreng Premium pack ± 60 g,295,Sayur Pelengkap,74,1148672.8859841824,0,0,20219.253413517028,1128453.6325706653
Bawang Merah pack ± 250 g,11,Sayur Pelengkap,153,4538878.531621071,0,0,28814.287702471018,4510064.2439186
Bawang Putih 100 g,2308,Bumbu,142,2233049.1042705253,3,21000,36034.31351358071,2149837.6970047504
Bawang Putih pack ± 250 g,12,Sayur Pelengkap,144,3607982.723917812,1,15000,31691.7852874503,3551235.5030475995
Bayam Hijau Hidroponik pack ± 250g,276,Sayur Hidroponik,13,189523.19256949704,0,0,3588.077093713917,185935.11547578312
Bayam Hijau Organik ± 250g,326,OR sayur organik,492,5477966.320199892,3,18000,40205.15524845896,5404358.931291677
Bayam pack,14,Sayur,448,3148508.496455848,5,22500,27183.99746493576,3086184.895235825
Bentoel Talas,1166,Sayur,19.53,740301.1459644511,0,0,19161.404469279572,721139.7414951716
Beras Coklat Organik 1 kg,2653,Beras Pari Unggul,5,355490.34856667276,0,0,1583.0028051836416,353907.3457614891
Beras Hitam Organik 1 kg,2652,Beras Pari Unggul,2,169123.52016731165,0,0,0,169123.52016731165
Beras Mentik Susu Organik 1 kg,2654,Beras Pari Unggul,15,1164040.9495675704,0,0,1000.420735772932,1163040.5288317974
Beras Merah Organik 1 kg,2655,Beras Pari Unggul,17,1079809.1178343166,0,0,3778.5175767354667,1076030.600257581
Beras Rojo Lele Organik,10673,Beras,2,97020.88435878977,0,0,0,97020.88435878977
Biaya Packing,958,Ongkos/Biaya,17,403272.3309274297,1,5000,12370.316899614409,378531.6971282009
Biaya Parkir,10361,Ongkos/Biaya,4,12840.04820883274,0,0,0,12840.04820883274
Blueberry Betty's Blues 175 g,1389,Buah Import,42,11222599.571524188,0,0,3207030.619969138,8015568.95155505
Blueberry Driscoll 125 g,1740,Buah Import,75,11378450.364647899,0,0,622336.5899832791,10756113.77466462
Blueberry Driscoll Jumbo 200g,10408,Buah Import,82,24675936.07516191,0,0,731460.8612651902,23944475.213896718
Blueberry Fruitis JUMBO,10702,Buah Import,4,447628.9981417358,0,0,0,447628.9981417358
Blueberry Fruitis Reguler,10701,Buah Import,2,184089.19050358236,0,0,92044.59525179118,92044.59525179118
Blueberry Joyvio LUCU 60 g,922,Buah Import,24,2228228.181950748,0,0,101029.46407678165,2127198.7178739663
Blueberry Mountain Jumbo,10664,Buah Import,47,5575557.182834018,0,0,548188.7822162407,5027368.400617777
BM - Ceker 1000,539,Best Meat,1,34290.89540569112,0,0,29.392196062020957,34261.503209629096
Box - Abu 3,2372,Box,1,92888.04737851024,0,0,92888.04737851024,0
Box - Bulat Tutup,10518,Imlek,30,1431416.2578899413,0,0,719797.2080550096,711619.0498349317
Box - Coklat 2,10492,Parcel,20,1158006.2433611602,0,0,755629.9539596466,402376.2894015135
Box - Krem 14,2366,Box,2,211286.83115821332,0,0,105643.41557910666,105643.41557910666
Box - Krem 17,2369,Box,1,89394.25420598127,0,0,89394.25420598127,0
Box - Krem 19,10577,Box,4,388537.51465678215,0,0,388537.51465678215,0
Box - Krem 2,2354,Box,2,89368.00707131624,1,20000,44684.00353565812,0
Box - Krem 7,2359,Box,1,59204.237207304686,0,0,59204.237207304686,0
Box - Krem 9,2361,Box,1,85367.56468936801,0,0,85367.56468936801,0
Box - Merah 1,2340,Box,2,215809.14070364088,0,0,0,215809.14070364088
Box - Merah 10,2350,Box,11,431304.3576045893,0,0,117628.461164888,313675.8964397013
Box - Merah 2,2341,Box,3,262016.21819171123,0,0,174677.47879447415,87338.73939723708
Box - Merah 6,2346,Box,2,99099.05305225402,0,0,0,99099.05305225402
Box - Merah 7,2347,Box,3,82430.33575918525,0,0,27476.778586395085,54953.55717279017
Box - Merah 9,2349,Box,1,48626.04789901525,0,0,48626.04789901525,0
Box - Oval,10586,Box,19,899170.634332113,0,0,331273.3915960416,567897.2427360713
Box - Putih,2435,Box,1,39822.175685549155,0,0,39822.175685549155,0
Box - Putih 2,10416,Parcel,18,1598133.8921771385,0,0,799066.9460885692,799066.9460885692
Box - Putih 3,10417,Parcel,1,116080.37462923676,0,0,0,116080.37462923676
Box Hampers,10228,No category,50,2838555.2271129563,0,0,1610640.8872944303,1227914.339818526
Brokoli,19,Sayur,241.98,20698679.319407552,3.24,160920,154327.36758209718,20248260.672152244
Brokoli Potongan pack ± 250 g,10103,Sayur,83,3505868.1736509316,0,0,257104.03929699934,3248764.134353932
Buah Bit Organik,16,Sayur,72.13,8512024.913425859,1.23,67650,17217.949733841233,8341745.951931919
Buah Naga,1056,Buah Lokal,740.79,31935367.365545336,13.53,298060,702872.8197334968,30643493.43063723
Buah Naga Potong box ± 250 g,1815,Buah Potong,403,8885061.65180821,1,10000,47179.01595212007,8815835.33647195
Bumbu Dapur paketan,206,Sayur Pelengkap,77,289493.32411121577,0,0,2011.4146545389667,287481.9094566768
Buncis pack ± 250 g,1349,Sayur,115,1616512.758328463,1,6000,24821.90897325636,1578954.044956033
Buncis pack ± 500 g,20,Sayur,49,1183534.86989066,0,0,6901.71186438133,1176633.1580262787
C31 - Cherry Tazmanian 43° 30-32 dus utuh isi +/- 2 kg,2433,Buah Import,2,4172004.9487194046,0,0,0,4172004.9487194046
C51 - Cherry Australia dus utuh +/- 2kg,10666,Buah Import,3,7738632.869278081,0,0,0,7738632.869278081
Cabe Besar Hijau pack ± 100 g,24,Sayur,78,900401.624256745,0,0,13487.36319029145,886914.2610664535
Cabe Besar Hijau pack ± 50 g,2662,No category,52,233359.89510000218,0,0,2594.901616710704,230764.99348329147
Cabe Besar Merah pack ± 100 g,23,Sayur,89,1370762.173770927,0,0,13014.362707296386,1357747.8110636305
Cabe Besar Merah pack ± 50 g,2663,Sayur Pelengkap,64,521095.1632168144,1,5000,8621.90577625297,504254.09082830884
Cabe Keriting Hijau pack ± 100 g,21,Sayur,15,166389.40937118605,0,0,1607.681455410784,164781.72791577526
Cabe Keriting Hijau pack ± 50 g,2664,Sayur Pelengkap,17,88084.01040185709,0,0,1580.1737623605877,86503.8366394965
Cabe Keriting Merah pack ± 100 g,22,Sayur,58,1233907.079083845,1,9000,13320.810351776192,1198552.2137484287
Cabe Keriting Merah pack ± 50 g,2665,Sayur Pelengkap,59,461891.2435809616,0,0,8353.998374386458,453537.24520657514
Cabe Rawit Hijau pack ± 100 g,26,Sayur,28,258856.63040634245,0,0,1217.8422678848729,257638.78813845757
Cabe Rawit Hijau pack ± 50 g,2666,Sayur Pelengkap,29,222367.15374793857,0,0,4253.54823705554,218113.60551088303
Cabe Rawit Merah pack ± 100 g,25,Sayur,210,3682424.6137398295,0,0,39302.46554569714,3643122.1481941324
Cabe Rawit Merah pack ± 50 g,2667,Sayur Pelengkap,158,1284756.2875723233,0,0,20418.650274607586,1264337.6372977158
Cabe Rawit Mix pack +/- 100 g,2190,Sayur,33,364753.37060401216,1,7000,4239.244729464408,349166.24323353404
Cabe Rawit Mix pack +/- 50 g,2668,Sayur Pelengkap,20,162013.20733339526,0,0,4698.3830126684625,157314.8243207268
Cemerlang - Kue Keranjang (isi 8),2018,Cemilan,1,74467.40602026694,0,0,0,74467.40602026694
Cemerlang - Kue Keranjang L ORI,2385,Imlek,37,528012.377282721,0,0,1474.9436654674355,526537.4336172536
Cemerlang - Kue Keranjang L PANDAN,10686,Imlek,13,307704.10268346313,0,0,2785.531876923982,304918.57080653915
Cherry Australia box +/- 1 kg,10184,Buah Import,3,3162550.173699856,0,0,0,3162550.173699856
Cherry Australia box ± 250 g,1513,Buah Import,38,15200205.717002973,0,0,2074443.7323120616,13125761.984690912
Cherry Australia box ± 500 g,1547,Buah Import,27,24770286.40363715,0,0,1006654.5064968849,23763631.89714026
Cherry Plum,10578,Buah Import,18,8627303.908509202,0,0,744097.506414183,7883206.40209502
Cherry Tazmanian 30-32 box ± 250 g,1575,Buah Import,1,264123.9449742716,0,0,0,264123.9449742716
Cherry Tazmanian 30-32 box ± 500 g,1666,Buah Import,3,1630384.9507821724,0,0,0,1630384.9507821724
Chestnut 250 g,10651,Sayur,16,943281.7965745926,0,0,2930.6896607391536,940351.1069138534
CLJ - Mandarin Orange Jelly Candy 500 g SB,842,Sukses,22,1840028.6839948967,0,0,2427.952287570806,1837600.731707326
CLJ - Rumput Laut Kering Instant 40g SB,794,Sukses,49,2787278.448821744,0,0,14863.176755249035,2772415.272066495
Cocon - 3 cup puding SB,660,Sukses,21,579910.5960535817,1,17000,9312.681924860459,542983.1238404554
Cocon - Mini Nata Decoco Pudding bags (isi 25) SB,661,Sukses,21,903838.5590940015,1,22500,1708.207054541679,859090.4206540312
Cocon - Yogo Ice 450 ml (isi 10) SB,656,Sukses,32,1206446.2003335357,0,0,11770.58408274129,1194675.6162507944
Cocon Mini Pudding pcs,2656,Cemilan,30,87473.96125341766,0,0,1801.9636018204037,85671.99765159725
CP - Ayam Utuh 0.8,2657,CP,28,2224258.2112746313,0,0,21227.33539743675,2203030.8758771946
CP - Fillet Dada 1.000,2671,CP,66,11249941.123520723,0,0,42485.71191253606,11207455.411608186
CP - Fillet Dada Has dalam 1.000,2658,CP,32,6318210.903930478,1,84500,72564.03499967046,6034915.145472301
CP - Fillet Paha 1.000,2659,CP,75,13831361.996738706,0,0,135124.8883664133,13696237.108372293
Cuciwis Organik pack ± 250 g,27,OR sayur organik,140,1524277.2984411567,0,0,20300.10730673955,1503977.1911344172
Cumi Asin pack ± 250 g,202,Asinan,11,576993.2189956307,0,0,24558.92955761403,552434.2894380167
Cumi Besar pack,267,Seafood Lokal,3.46,1283474.9840002041,0,0,811.1364060733467,1282663.8475941308
Cumi Kering TG pack SB,798,Sukses,1,69340.24896025658,0,0,0,69340.24896025658
Cumi Medium box ±500 g,10113,Seafood Lokal,12,1458197.384267114,1,65000,32041.083293530857,1304639.852284657
Daging Ikan Tenggiri Ekspor slice,1329,Seafood Ekspor,27.64,9846618.022982497,0,0,52280.17427397822,9794337.848708518
Daging Steak 100 g,140,Sapi,1,45279.47226015385,0,0,551.4033510792069,44728.068909074645
Dakota Hidroponik pack ± 250 g,280,Sayur Hidroponik,97,1828183.2547080703,0,0,32035.89043544233,1796147.364272628
Dali Chrysanthemum Madu SB,953,Sukses,39,1928039.164864691,0,0,6785.75211090059,1921253.4127537904
Dali Chrysanthemum Original SB,802,Sukses,24,991964.0189353377,1,23000,2062.9976335829124,948569.187179449
Daun Bawang Lumpia pack ± 50 g,29,Sayur,541,5089455.249181017,3,12000,61548.54153006803,4999684.220132385
Daun Ketumbar Organik ± 50 g,166,OR sayur organik,411,10985809.138489421,2,30000,166834.61391434446,10765515.599326953
Daun Mint Organik pack ± 25 g,289,OR sayur organik,588,2882961.4258836955,0,0,20440.58874916518,2862520.8371345303
Daun Pisang,732,Sayur,10,75744.583979249,0,0,857.8074135649949,74886.776565684
Degan Wulung,10657,Buah Lokal,94,2760720.497032162,0,0,14539.794617702719,2746180.702414459
Delima RRC,1521,Buah Import,20.27,2041230.8482823893,0,0,73000.07066790015,1968230.7776144892
Delima RRC dus,2245,Buah Import,1,863511.7643570993,0,0,0,863511.7643570993
Delima Sugarbruts Jumbo dus,1323,Buah Import,2,2773068.570692558,0,0,0,2773068.570692558
Delima Sugarburst Jumbo,1320,Buah Import,58.94,9549663.174545802,0,0,732444.6960875653,8817218.478458237
Dua Belibis - Cuka Dapur 150 ml,1959,Mama Suka,5,47944.55556664616,0,0,189.38099448825233,47755.17457215791
Dua Belibis - Saus Cabai 340 ml,928,Mama Suka,3,124921.88954190351,1,21000,573.0543821842875,82708.20531241805
Dua Belibis - Saus Cabe 135 ml,1564,Mama Suka,3,52432.65589582734,0,0,0,52432.65589582734
Dua Belibis - Saus Tomat 135 ml,2069,Mama Suka,6,56593.28906564042,0,0,141.48322266410105,56451.80584297632
Durian MusangKing Frozen box ± 400 g,442,Buah Import,6,2697011.4040304907,0,0,12354.052237817086,2684657.3517926736
Durian Musangking Import Frozen (NO DUS),10406,Buah Import,14,7219508.0669014715,0,0,9034.698666579556,7210473.368234891
Edamame pack ± 500 g,956,Sayur,190,5935133.211433422,0,0,37165.73475323338,5897967.476680188
EDO - Chikuwa 250 g,1213,SK Frozen,6,358821.2750349194,0,0,11399.793151684105,347421.4818832353
EDO - Crab Flavored Stick 250 g,566,SK Frozen,10,541540.3598034754,0,0,508.21479920018464,541032.1450042753
EDO - Cuttlefish Ball 250 g,569,SK Frozen,6,356723.7560239155,0,0,12812.88912360114,343910.86690031434
EDO - Fish Ball 250 g,568,SK,9,554197.6581456838,0,0,2393.071369160665,551804.5867765232
EDO - Fish Cake 250 g,567,SK,11,749702.3354329867,0,0,17148.693612089148,732553.6418208976
EDO - Mini Puff Pastry 375 g,744,SK Frozen,9,531136.3971229875,0,0,0,531136.3971229875
EDO - Tofu Fish Cake 250 g,629,SK Frozen,5,286042.42036119103,0,0,5280.783145129681,280761.63721606135
Ega Food Honig Maizenaku 150 g SB,594,Sukses,41,607524.3999422528,1,6000,3390.776427319972,589315.9552236584
Eggtray Kertas,10672,Telur,16,35154.44150716066,0,0,1381.7648536842316,33772.67665347643
Elle & Vire - Cooking Cream 200 ml,759,SK,15,1489069.1944397986,0,0,13347.304502613842,1475721.8899371848
Elle & Vire - Dessert Lacte (Blueberry) 125 g,833,SK,19,738193.8712031115,0,0,1784.9860825482756,736408.8851205632
Elle & Vire - Dessert Lacte (Mix Berries) 125 g,2161,SK,19,743378.31292185,0,0,4084.6682036337443,739293.6447182163
Elle & Vire - Dessert Lacte (Strawbery) 125 g,832,SK,11,295573.0390298413,0,0,1464.8139181011356,294108.2251117402
Filippo Berio - Pure Olive Oil 250 ml,513,SK,9,1374411.1181617482,0,0,3964.684867393691,1370446.4332943545
Fillet Frozen Salmon Trout Norwegian pack,10394,Salmon,18.6,13485250.367078371,0,0,31375.27950810641,13453875.087570265
Fillet Kakap Putih Laut Ekspor,886,Seafood Ekspor,27.88,11640981.930358708,0,0,19685.960595149547,11621295.969763558
Fillet Salmon Trout Norwegian,1760,Salmon,130.3,94110077.79844862,1.05,479000,89150.33284532838,93284007.99585606
Garam Meja cap Daun 250 g,1287,Bumbu,23,151691.16777344607,0,0,734.2731889323331,150956.89458451374
GF - Corn Kernel 500 g,577,SK Frozen,15,573798.0385310948,1,25000,2783.303018901497,532761.5329434536
GF - French Fries Coated 500 g,576,SK Frozen,14,1171628.650429193,0,0,16369.326001710724,1155259.3244274822
GF - French Fries Crinkle Cut 500 g,558,SK Frozen,12,588207.010852173,0,0,2868.3543029199354,585338.656549253
GF - French Fries Shoestring 1 kg,574,SK Frozen,6,516917.11747599766,0,0,5787.258614922408,511129.85886107525
GF - French Fries Shoestring 500 g,575,SK,18,1002139.4801046699,0,0,1055.8940882328898,1001083.586016437
GF - Frozen Green Peas 500 g,1235,SK,7,461775.2481054049,0,0,602.8450491749682,461172.40305622993
GF - Mix Vegetable 500 g,578,SK,9,544195.1123939361,0,0,1239.0904097585008,542956.0219841776
Golden Enoki Mushroom,10650,Sayur,12,334438.91377653927,0,0,7464.217521689134,326974.69625485013
Golden Peach,10583,Buah Import,50,6014537.437520921,1,68000,603200.0699729864,5291750.0734685715
Gui Ling Gao,2285,Minuman,327,8172289.343123557,0,0,53149.03772592079,8119140.305397636
Gula Aren Batok Grade A pack (isi 2),208,Bumbu,4.53,268969.2913132813,0,0,679.6888679056428,268289.60244537564
Gula Batu cap tawon 250 gram,10013,Belanja E,38,480668.98753121495,0,0,2710.539403371513,477958.44812784344
Gulong - Pickle Lettuce 170 g,10491,Sukses,2,32341.176356887445,0,0,217.14789839624427,32124.0284584912
H11 - Angpao Merah Besar,10022,Imlek,7,113168.02441724576,0,0,0,113168.02441724576
H12 - Angpao Merah Kecil,10021,Imlek,18,190795.749777928,0,0,0,190795.749777928
H13 - Angpao Merah Kecil,10023,Imlek,1,10550.717778503895,0,0,0,10550.717778503895
Hampers,10198,Parcel,84,57735646.03169635,2,1000000,0,55933839.531980455
Hana Mat Kimchi 215 g,1852,Cemilan,57,2833252.17165146,0,0,15701.4170619254,2817550.754589535
Happy Belly - Gyoza Skin 300 g,2146,SK Frozen,13,666222.6864681579,0,0,4124.629287191201,662098.0571809667
Healthy Egg Grosir Telur,10588,Telur,309,53876813.91701102,0,0,0,53876813.91701102
Hipio Goreng SB,796,Sukses,14,2030049.0263849497,0,0,14092.527839413378,2015956.4985455363
Ice Lolly Jelly pcs,10537,Sukses,32,98161.56820580363,0,0,0,98161.56820580363
Ikan Asin Jambal pack,290,Asinan,2.4,653410.5648994446,0,0,5868.319884002209,647542.2450154424
Ikan Asin Pakang pack ± 50 g,1138,Asinan,65,1110831.06264472,0,0,11900.65166413784,1098930.4109805822
Ikan Banyar,407,Seafood Lokal,1.24,126488.65930438042,0,0,0,126488.65930438042
Ikan Baronang pack isi 1,1987,Seafood Ekspor,3.7,1099997.9871148244,0,0,0,1099997.9871148244
Ikan Bawal Laut,254,Seafood Lokal,15.74,4040390.284380177,0,0,18591.769317117287,4021798.5150630595
Ikan Belanak,1988,Seafood Lokal,13.46,1946608.4018085152,0,0,406.7485980747733,1946201.6532104404
Ikan Belanak Ada Telur,2185,Seafood Lokal,7.65,1609113.799125189,0,0,7942.501575812697,1601171.2975493763
Ikan Belanak Banyak Telur,2198,Seafood Lokal,6.91,1458904.6676379628,0,0,6362.034826554358,1452542.6328114085
Ikan Dori Fillet Kecil pack satuan,584,Seafood Ekspor,161,10032668.27490006,0,0,43783.43405665364,9988884.840843407
Ikan Dori Fillet pack isi 4,565,Seafood Ekspor,204,35487756.79967134,1,80000,90596.62721243734,35223943.54378448
Ikan Ekor Kuning,255,Seafood Lokal,10.17,2432457.24399928,0,0,25968.932671309914,2406488.31132797
Ikan Gurami,332,Seafood Lokal,3.8,544920.5680893734,0,0,12025.833226799965,532894.7348625734
Ikan Kakap Merah Ekor Kuning,10078,Seafood Lokal,0.6,114892.89119169116,0,0,0,114892.89119169116
Ikan Kakap Merah pack isi 1,283,Seafood Lokal,6.42,1867558.9122433914,0,0,1578.8686904453207,1865980.043552946
Ikan Kakap Putih/Barramundi pack isi 1,256,Seafood Lokal,8,1566234.837770462,0,0,11400.884423270822,1554833.9533471912
Ikan Kakatua,10659,Seafood Lokal,1.05,218582.44704036042,0,0,0,218582.44704036042
Ikan Kembung,257,Seafood Lokal,47.7,7918314.781990796,0,0,29997.588678340893,7888317.193312455
Ikan Kerapu Macan,1015,Seafood Lokal,15.42,3753316.5587345604,0,0,14088.995875244495,3739227.562859316
Ikan Laosan,282,Seafood Lokal,0.84,176360.2939733304,0,0,0,176360.2939733304
Ikan Samge,425,Seafood Lokal,1.26,278319.14653270505,0,0,993.996951902518,277325.14958080254
Ikan Teri Asin pack ± 100 g,1429,Asinan,11,157186.59131135792,0,0,2019.6095368489623,155166.98177450895
Ikan Teri Biasa pack ± 100 g,200,Asinan,16,327415.3979308903,0,0,22228.042472029338,305187.355458861
Ikan Teri Medan pack ± 100 g,201,Asinan,74,1900591.1896878388,0,0,38987.803053326206,1861603.3866345126
Ikan Teri Segar pack ± 250 g,263,Seafood Lokal,56,2985917.8943093866,0,0,58221.13334204117,2927696.7609673454
Indo - Racik Gulai 50 g,1653,Indomarco,3,25480.59807973914,0,0,0,25480.59807973914
J11 - Jeruk Ponkam Dino isi 20,2327,Imlek,1,431200.2763384953,0,0,0,431200.2763384953
J16 - Jeruk Papagan Dino Dus,2338,Buah Import,2,1682922.1760854125,2,1000000,0,0
J65 - Papagan GP Kuning,10690,Imlek,1,586683.0453509465,0,0,0,586683.0453509465
J70 - Papagan Kucing Ori Keranjang,10698,Imlek,2,2094184.1737832874,0,0,0,2094184.1737832874
J80 - Papagan Jumbo Keranjang,10703,Imlek,2,1716884.5557188615,0,0,0,1716884.5557188615
Jagung Manis pack isi 2,32,Sayur,344,9085134.381234646,2,22000,166728.06206027418,8865585.770446263
Jahe Emprit pack ± 100 g,1109,Bumbu,44,569188.6049751192,0,0,19036.40201249579,550152.2029626234
Jahe Gajah pack ± 100 g,209,Bumbu,137,1949304.3856457807,2,12000,7100.207631148398,1914323.7815572433
Jahe Merah pack ± 100 g,210,Bumbu,20,211632.30009377003,0,0,2867.617666270584,208764.68242749944
Jambu Wulung,1352,Buah Lokal,16,462632.3266774416,0,0,1583.4952063849196,461048.8314710567
Jamur Champignon Import,10653,SASA,24,1028676.5738725662,0,0,3040.106660284102,1025636.4672122821
Jamur Champignon Putih pack ± 250 g,33,Sayur,11,319248.1212699786,0,0,76780.28941760212,242467.83185237646
Jamur Champignon Putih Premium box ± 300 g,484,Sayur,241,7712062.93026451,1,20000,38176.3115178654,7641886.357625215
Jamur Enoki,34,Sayur,748,5552214.5095705055,3,13500,66639.77010892704,5463306.499449932
Jamur King Oyster,10297,Sayur Pelengkap,84,2952116.108803544,0,0,52948.23129320657,2899167.8775103376
Jamur Kuping pack ± 100g SB,349,Sukses,14,408233.7759132497,0,0,8724.538982374594,399509.2369308751
Jamur Kuping pack ± 50g SB,348,Sukses,29,436664.78687897325,0,0,5117.636015189346,431547.1508637839
Jamur Mini King Oyster,10592,Sayur,74,2091410.4198007844,0,0,12741.311174366623,2078669.1086264178
Jamur Putih fresh,10652,Sayur,3,140754.2361393571,0,0,0,140754.2361393571
Jamur Putih pack SB,350,Sukses,2.57,1284172.9247991461,0,0,19640.180874690413,1264532.7439244557
Jamur Shimeji,36,Sayur Pelengkap,141,3298036.21890489,1,13000,76519.4836982619,3198100.8581745345
Jamur Shitake Fresh pack 200 g,1581,Sayur Pelengkap,60,2972221.685846569,0,0,28856.048783677397,2943365.6370628914
Jamur Shitake Kering pack ± 100 g SB,347,Sukses,27,1853793.9475087915,0,0,4398.33939958876,1849395.6081092027
Jamur Shitake Kering pack ± 50 g SB,346,Sukses,28,846365.7907932065,1,17500,7695.0195877219085,808443.4215342987
Jamur Tiram pack ± 250 g,37,Sayur Pelengkap,11,204329.52244766057,0,0,1362.970791781554,202966.551655879
Janten pack ± 250g,38,Sayur,96,1462856.4216569066,0,0,9872.24910115404,1452984.1725557526
Jays - Chicken Stok Powder non MSG 150 g SB,1403,Sukses,7,450318.77420062665,0,0,10177.42236897978,440141.35183164687
Jays - Mashed Potato Garlic & Parsley 45 g SB,973,Sukses,11,525583.9224765077,0,0,29337.138945506886,496246.78353100084
Jays - Paprika Powder 70 g SB,976,Sukses,7,375182.9551389674,0,0,469.23151262663305,374713.72362634074
Jeruk Africa Premium krj,10658,Buah Import,3,3504206.848097965,1,680000,0,2303773.2678931206
Jeruk Aiyuan Bag,10678,Buah Import,6,466956.8853266537,0,0,0,466956.8853266537
Jeruk Baby,102,Buah Lokal,506.53,15681111.077937022,0,0,34502.10004640836,15646608.977890614
Jeruk Baby Navel Bag Orange RRC,10450,Buah Import,6,680074.0626105107,0,0,0,680074.0626105107
Jeruk Honey Murcot AUS,10596,Buah Import,34.94,4343658.666653875,0,0,250718.72021146445,4092939.946442411
Jeruk Honey Murcot Premium JUMBO,10618,Buah Import,134.82,17945417.102798305,1.07,90950,572448.7364647193,17230544.421073284
Jeruk Honey Murcot Seedless AUS,10603,Buah Import,104.65,14140592.36373566,0,0,630671.7706497833,13509920.593085878
Jeruk Honey Tangerin BOX Dino,10294,Buah Import,94,6670284.3320253305,0,0,169640.13089034148,6500644.201134989
Jeruk Imperial,10580,Buah Import,19.71,2070812.9549008235,0,0,63080.16273445543,2007732.792166368
Jeruk Keprok,1083,Buah Lokal,16.36,591302.4290854717,0,0,1910.9548128240276,589391.4742726476
Jeruk Madiun,1168,Buah Lokal,27,1260571.1310636252,0,0,28332.503366146702,1232238.6276974785
Jeruk Mikan dus,10674,Buah Import,3,442549.632252194,0,0,0,442549.632252194
Jeruk Navel 17.5 Bag RRC,2388,Buah Import,9,1500337.5344385859,0,0,17211.189114575973,1483126.34532401
Jeruk Navel AUS Gold,10625,Buah Import,48.38,3983222.2765378654,0,0,6068.554677548818,3977153.7218603166
Jeruk Navel Australia Premium,1579,Buah Import,50.78,3617068.8761985395,0,0,10335.160886154044,3606733.7153123855
Jeruk Navel Dino Besar,2274,Buah Import,13.54,1476613.5361695196,0,0,0,1476613.5361695196
Jeruk Navel Mr. Orange,2283,Buah Import,4.71,438340.2796615823,0,0,0,438340.2796615823
Jeruk Navel RRC Orange,1643,Buah Import,37.92,2691444.760852924,0.4,18000,139046.13454487524,2521573.6934697246
Jeruk Navel Vitor AUS,10612,Buah Import,110,12869671.273823027,0,0,23507.5738139553,12846163.70000907
Jeruk Nipis pack ± 150 g,108,Buah Lokal,93,1258712.3561468907,0,0,19435.601542225108,1239276.7546046656
Jeruk Papagan Besar,2019,Buah Import,31.92,4439843.371537537,0,0,152860.5632499908,4286982.808287546
Jeruk Papagan Diamond,2397,Buah Import,5.91,977888.6183892144,0,0,64590.43070662301,913298.1876825914
Jeruk Papagan JUMBO,2315,Buah Import,72.85,13595484.534877818,0,0,301514.6198344161,13293969.915043402
Jeruk Papagan Premium,1541,Buah Import,47.05,7054573.249389301,0,0,487714.3272543908,6566858.92213491
Jeruk Papagan Premium keranjang,10237,Buah Import,13,15824708.41102302,0,0,0,15824708.41102302
Jeruk Ponkam,2244,Buah Import,16.93,1293193.9816892345,0,0,271955.23896508827,1021238.7427241462
Jeruk Ponkam Dino,2564,Buah Import,1.62,122195.77761042863,0,0,34473.3679908514,87722.40961957723
Jeruk Premium Africa,10633,Buah Import,188.59,20655060.18919782,0.46,31280,1956107.1150909632,18646194.94589981
Jeruk Shantang 500 g,10381,Buah Import,11,463817.8662969731,0,0,0,463817.8662969731
Jeruk Shantang curah,2293,Buah Import,0.9,109621.62293717265,0,0,109621.62293717265,0
Jeruk Shantang Dongfang krj,10676,Buah Import,3,1069500.9867986664,1,220000,0,713000.6578657776
Jeruk Shantang Madu 1kg,10662,Buah Import,30,3383638.985082507,0,0,3793.9538275264204,3379845.0312549807
Jeruk Shantang Madu 500g,10661,Buah Import,21,1457336.4230969455,0,0,79674.7817818732,1377661.6413150723
Jeruk Shantang Madu Premium 1kg,10675,Buah Import,13,2008144.9915654957,0,0,0,2008144.9915654957
Jeruk Shantang Madu Premium 500g,10683,Buah Import,7,482500.49711670727,0,0,68928.6424452439,413571.85467146337
Jeruk Shantang Madu Yuji,1544,Buah Import,165,20063994.5383009,2,110000,269401.4103015431,19551393.194201775
Jeruk Shantang pack ± 1 kg,1724,Buah Import,9,833172.3730105441,0,0,0,833172.3730105441
Jeruk Shantang Top Sweet 500 g,10520,Buah Import,1,72314.84837597236,0,0,0,72314.84837597236
Jeruk Siam Madu,917,Buah Lokal,148.33,9168482.06910043,0,0,62673.37935039494,9105808.689750034
Jeruk Wogan,1557,Buah Import,45.86,4239645.27169087,1.37,61650,252803.15930445562,3866895.1021803906
Jeruk Wogan Daun,10263,Buah Import,20.39,1884708.1376341986,0,0,29613.46762603917,1855094.6700081595
Jeruk Wogan Dino Bag,2660,Buah Import,256,28350044.629736688,0,0,436230.3949214197,27913814.234815266
Jeruk Wogan Dino Seedless,1727,Buah Import,0.54,60997.34083553776,0,0,0,60997.34083553776
Jeruk Wogan Premium,10030,Buah Import,83.53,7793923.827706249,1.08,48600,349282.1409137277,7359798.3670120025
Jeruk Wogan Seedless Dino Box,1713,Buah Import,40.17,4194779.4114330085,0,0,187517.46095692832,4007261.95047608
Jeruk Wogan Yuji Bag,10451,Buah Import,104,12851246.234450955,0,0,71598.40007355437,12779647.8343774
Jujube,10602,Buah Import,33,4567433.539847843,0,0,575959.8283717381,3991473.7114761053
Kacang Panjang Organik pack ± 250g,1171,OR sayur organik,76,1027176.7206583172,1,8500,13011.435147286393,1000649.802344474
Kacang Panjang pack ± 250 g,39,Sayur,72,1026531.3743390143,0,0,6240.658990029246,1020290.715348985
Kacang Tanah,369,Other Products,36.76,1444405.4073897144,0,0,7494.709584059427,1436910.697805655
Kailan Hidroponik pack ± 250 g,277,Sayur Hidroponik,196,3021856.479113456,0,0,70264.51157736918,2951591.9675360867
Kale Organik pack ± 100 g,1290,OR sayur organik,664,7751229.765932774,8,56000,83742.01113400329,7575024.475026221
Kangkung Hidroponik pack ± 200g,278,Sayur Hidroponik,33,498091.30965254735,0,0,26151.535334764514,471939.77431778284
Kangkung Organik pack ± 250g,333,OR sayur organik,397,3505757.7747000614,3,13500,18850.438949772622,3460415.4633973916
Kangkung pack,42,Sayur,447,2406792.073967401,2,7000,18509.761734724045,2377513.6676064245
Kart's - Roti Canai 580 g,557,SK Frozen,3,331560.87386235595,0,0,4395.855456691235,327165.0184056647
Kecap Asin Cap Hati Angsa SB,364,Sukses,14,890947.1663518343,0,0,1099.2205299146008,889847.9458219197
Kecombrang,2647,OR sayur organik,24,435861.29100993276,0,0,2958.4085127299186,432902.88249720284
Kelapa Muda Lokal satuan,1989,Buah Lokal,1308,30095297.937702388,13,143000,160679.7746023368,29635505.87472839
Kelengkeng Gold 1 kg,10609,Buah Import,54,5875322.361162398,0,0,129598.5636725463,5745723.797489852
Kelengkeng Gold 500g,10608,Buah Import,245,13975655.393627472,0,0,895946.9840979835,13079708.409529489
Kelengkeng Gold curah,10610,Buah Import,2.1,227077.89699118584,0,0,152680.73758576065,74397.15940542519
Kembang Kol,44,Sayur,35.09,2201241.890912475,0.37,18500,11681.267387191532,2161758.8164156675
Kembang Tahu cap 3 Berlian SB,336,Sukses,143,5732120.936402818,0,0,12555.96214987454,5719564.974252944
Kembang Tahu Lembaran (Tanpa Pengawet),1381,Yun Yi,147,5080645.587773295,1,17000,19966.79484494659,5026116.578045537
Kemiri pack ± 50 g,211,Bumbu,24,138053.795915097,0,0,770.8003605259582,137282.99555457104
Kencur pack ± 100 g,10150,Bumbu,20,164869.89519326016,0,0,2279.9151221010834,162589.98007115908
Kentang,45,Sayur Pelengkap,124.61,9034891.074679652,0,0,44738.21487932885,8990152.859800324
Kepala Ikan Salmon,763,Salmon,15.99,3717552.0274008857,0,0,60002.03792477329,3657549.9894761126
Kerang Batik/Ece box 1 kg,264,Seafood Lokal,17,1840029.0944916196,2,90000,49930.93329745298,1573624.1500775055
Kerang Dara 500 g,10382,Seafood Lokal,9,382240.2363549918,0,0,7708.511433159001,374531.7249218328
Kerang Dara box 1 kg,1771,Seafood Lokal,5,336062.01438233256,0,0,0,336062.01438233256
Kerang Hijau Big Size box 1 kg,1441,Seafood Lokal,16,1000397.047046572,0,0,49547.375674687326,950849.6713718846
Kerang Putih/Tahu box 1 kg,300,Seafood Lokal,13,846023.095108103,2,70000,4979.450216921978,710886.2456437806
KEWPIE - Mayonaise Original sachet 70 g,2160,Pangan Lestari,12,226569.67400712892,0,0,5169.744545797585,221399.92946133134
KEWPIE - Thousand Island botol 200 ml,1378,Solo Siap,4,196986.36752413586,0,0,1580.7348672633525,195405.6326568725
KEWPIE - Wijen Sangrai botol 200ml,1030,Pangan Lestari,15,836423.7652189331,0,0,1790.481557692401,834633.2836612407
KEWPIE - Wijen Sangrai sachet 50 ml,1331,Pangan Lestari,14,269863.85165527463,0,0,0,269863.85165527463
Kikkoman - Bulgogi Sauce 300 ml SB,936,Sukses,10,527719.2956395447,0,0,791.5789434593171,526927.7166960854
Kikkoman - Soy Sauce 150 ml SB,934,Sukses,13,634115.8133388963,0,0,0,634115.8133388963
Kisi Kembang Lokal,155,Sapi,31.82,11660500.687801894,0,0,8255.539900878444,11652245.147901015
Kiwi Gold Dino pack,1484,Buah Import,23,2055309.7685426474,0,0,542416.0014676675,1512893.7670749798
Kiwi Gold Pack,1129,Buah Import,56,3710398.506433703,0,0,243650.0215861362,3466748.484847567
Kiwi Gold RRC Satuan,10467,Buah Import,4,60703.491838183254,0,0,60703.491838183254,0
Kiwi Gold Zespri,10060,Buah Import,110.32,31935874.314588312,0,0,1217143.3106071854,30718731.00398113
Kiwi Gold Zespri NZ JUMBO sz18,1741,Buah Import,22.7,7693357.81137587,0,0,140062.82044322882,7553294.990932642
Kiwi Gold Zespri SATUAN,10191,Buah Import,106,3255174.1668593604,2,35000,918721.5559586743,2273663.3599554794
Kiwi Green,954,Buah Import,12.47,1593467.11760927,0,0,2536.021937839687,1590931.0956714302
Kiwi Green Zespri,10377,Buah Import,31.51,5289864.983768631,0.38,34200,158203.83238488017,5067471.960751738
Kiwi Red pack,113,Buah Import,15,1396079.1635880014,0,0,559147.7719238175,836931.3916641839
Kiwi Rubypop,2284,Buah Import,10,899315.0654481724,0,0,89931.50654481724,809383.5589033552
KKK - Cuka Masak 600 ml SB,1980,Sukses,4,129007.55110941827,0,0,0,129007.55110941827
KKK - Saos Raja Rasa 150 ml SB,1454,Sukses,26,635927.6805936825,0,0,9069.98179987329,626857.6987938092
Koepoe Koepoe - Baking Powder 45 g,1780,Mama Suka,5,63755.96323458012,0,0,969.0906411656179,62786.872593414504
Koepoe Koepoe - Basil 13 g,2030,Mama Suka,6,87458.32159370184,0,0,0,87458.32159370184
Koepoe Koepoe - Bawang Putih Bubuk 64 g,1305,Mama Suka,4,61663.37677650154,0,0,0,61663.37677650154
Koepoe Koepoe - Biji Pala Bubuk 37 g,1985,Mama Suka,5,166117.62912245467,0,0,2294.796390877338,163822.83273157733
Koepoe Koepoe - Bumbu Ngo Hiang 23g,1568,Mama Suka,6,115069.66617121361,0,0,0,115069.66617121361
Koepoe Koepoe - Cabe Bubuk 23 g,1991,Mama Suka,6,80988.36329835467,0,0,0,80988.36329835467
Koepoe Koepoe - Kayumanis Bubuk 35 g,1336,Mama Suka,4,51781.61182906479,0,0,0,51781.61182906479
Koepoe Koepoe - Ketumbar Bubuk 25 g,1990,Mama Suka,5,35572.51354679465,0,0,0,35572.51354679465
Koepoe Koepoe - Kunyit Bubuk 25 g,1335,Mama Suka,7,71256.59668934532,0,0,0,71256.59668934532
Koepoe Koepoe - Lada Hitam Bubuk 83g,1571,Mama Suka,5,186443.3165261289,0,0,2832.2811372724827,183611.03538885643
Koepoe Koepoe - Lada Putih Bubuk 38 g,1333,Mama Suka,6,89519.13648890331,0,0,0,89519.13648890331
Koepoe Koepoe - Oregano Leaves 14 g,1958,Mama Suka,6,116156.60555334762,0,0,353.0249776621349,115803.58057568548
Koepoe Koepoe - Parsley 19 g,1984,Mama Suka,6,144394.69398139045,0,0,0,144394.69398139045
Koepoe Koepoe - Perisa Vanilla 20 g,1853,Mama Suka,5,90180.06939149927,0,0,216.43216653959826,89963.63722495968
Koepoe Koepoe - Rosemary Leaves 23 g,2067,Mama Suka,5,149635.54588146508,0,0,0,149635.54588146508
Koepoe Koepoe - Soda Kue 81 g,1855,Mama Suka,6,61908.81003672257,0,0,89.42383671971038,61819.38620000286
Kong Kee - Tahu Telur Ayam,908,Sayur,398,6404878.273457987,1,9500,45726.866996489,6343058.747482961
Kong Kee - Tahu Telur Udang,729,Sayur,179,3123725.323470542,0,0,20052.093872981146,3103673.229597561
Konjac Jelly Strawberry ecer,10605,SK,11,25666.732673998922,1,1500,171.1115511599928,23162.281788839027
Kubis pack,703,Sayur,66.5,2483143.179608742,0.92,13800,16631.458228537347,2432158.4623540384
Kubis Ungu Organik pack satuan,49,No category,38.499,5498651.442060247,0.65,42250,35363.67430463433,5370450.981414691
Kucai pack ± 100 g,50,Sayur,534,4296043.654052541,6,24000,47363.07678337232,4200410.423852848
Kunci pack ± 50 g,412,Bumbu,22,65083.37394101545,0,0,536.444779150188,64546.929161865264
Kunyit Kunir pack ± 100 g,213,Bumbu,30,139166.60738177598,6,12000,192.51380687812343,111140.77209854266
Kurma Segar Palm Frutt Asli 250g,10412,Buah Import,22,1362424.6064107865,1,30000,108919.65444342233,1191576.5607668739
Kurma Tunisia Palm Fruit 500 g,959,Buah Import,13,1559461.3912976347,0,0,119958.56856135651,1439502.8227362782
Kwaci cap Gadjah 200 g,2032,Cemilan,11,594485.122943297,0,0,1275.440809223801,593209.6821340732
Kwei Feng Lo Han Kuo Infusion 168 g SB,800,Sukses,60,3661032.079628203,1,29500,21140.90897507337,3578873.969325993
Kwetiau Basah cap Yogyakarta,1205,Other Products,450,8111126.639822032,0,0,46864.287252305076,8064262.352569727
Kyuri Organik pack satuan,79,OR sayur organik,46.65,2688226.1008991916,1.67,62625,23119.320721988333,2568872.3195447996
Labu Siam,51,Sayur,38.22,689671.0496549495,0,0,5160.803772928193,684510.2458820213
Ladaku merica bubuk sachet 1 pack isi 8,10455,Bumbu,29,236304.82752481475,0,0,1718.4159488203004,234586.41157599445
Laos/Lengkuas pack ± 100 g,214,Bumbu,28,113833.35816673934,0,0,908.634126795223,112924.72403994412
Lasana Gift Box COMPOSITE COOKIES 110g SB,2612,Sukses,23,1519017.6128271269,0,0,281704.8692874301,1237312.7435396968
Leci Box,1216,Buah Import,7,1341265.2858681977,0,0,0,1341265.2858681977
Lemon Australia,10590,Buah Import,159.73,17121613.83255627,1.09,64855,139544.37475848896,16864673.777044363
Lemon RRC,429,Buah Import,54.21,6395499.309024766,0,0,14688.640718636103,6380810.668306131
Lettuce Organik pack,52,OR sayur organik,101.88,11121149.944835052,0.67,36700,93876.15818140912,10959982.335546048
Lianggui ALMOND Cookies 108g SB,2616,Sukses,44,2083956.669920124,1,19500,258109.4491830673,1778484.569147963
Lianggui Egg Rolls DURIAN Wafer 168g SB,2619,Sukses,2,133339.05426342972,0,0,0,133339.05426342972
Lianggui HAZELNUT CHOCOLATE Crispy Biscuits 110g SB,2617,Sukses,4,176832.0582411252,0,0,0,176832.0582411252
Lianggui MACADAMIA Nut Cookies 108g SB,2615,Sukses,42,1436699.1510407533,2,39000,146588.92290301528,1221695.9828500831
Lianggui Permen Lunak Rasa BUAH 108g SB,2621,Sukses,36,878855.6350562721,0,0,7342.978331789607,871512.6567244825
Lianggui Rice Crackers BLACK RICE 298g SB,2622,Sukses,20,1921366.5202539414,0,0,452.2004032516852,1920914.3198506897
Lianggui Surprise Gummy STRAWBERRY 108g SB,2620,Sukses,36,1062515.4490750283,0,0,7342.740692714928,1055172.7083823134
Lianggui Sweet Set Gummy STRAWBERRY 60g SB,2618,Sukses,35,544471.5762743726,1,10000,7980.397675107233,520934.84784856904
LKK - Kecap Asin Premium 250 ml,457,SK,12,470231.1054524034,0,0,4120.550776624586,466110.55467577884
LKK - Kecap Asin Premium 500 ml,440,SK,13,855976.8790542148,0,0,4002.7255131443962,851974.1535410704
LKK - Minyak Wijen 115 ml,342,SK,20,2357645.5812784843,0,0,22717.77647476131,2334927.804803723
LKK - Minyak Wijen 207 ml,458,SK,11,1352387.023398187,1,66000,1167.970611116616,1228274.7779326898
LKK - Saus Asam Manis 240 g,460,SK,1,110089.06551485416,0,0,0,110089.06551485416
LKK - Saus Barbeque 240 g,466,SK,6,447391.03162754327,0,0,0,447391.03162754327
LKK - Saus Cabai Chiu Chow Style 205 g,529,SK,3,280494.6895977482,0,0,0,280494.6895977482
LKK - Saus Hoisin 240 g,467,SK,6,511501.2719426304,0,0,1307.1699171867222,510194.1020254437
LKK - Saus Perendam / Chicken Marinade 207 ml,459,SK,5,349480.4771093186,0,0,2594.1436558000278,346886.3334535186
LKK - Saus Plum 260 g,468,SK,2,165915.40815029293,0,0,0,165915.40815029293
LKK - Saus Tiram 255 g,476,SK,24,1615516.9691210613,0,0,14508.754856559914,1601008.2142645014
LKK - Saus Tiram 510 g,225,SK,18,1646269.333486911,1,49500,6893.637354926672,1547916.2887160447
Lo Han Kuo ZhenZhu Chrysanthemum Sachet 150 g SB,822,Sukses,32,2729575.4171535373,0,0,1174.6922777392901,2728400.724875798
Lobak Putih,55,Sayur,56.96,1925930.0875365734,0,0,13722.5899934466,1912207.4975431268
Lotus Root,2218,Sayur,32.68,4498633.86127213,1.33,86450,18465.110929494258,4297084.814128073
LOWO - Lapjiong Kelelawar Sosis 500 g SB,783,Sukses,37,6245386.179680936,1,85000,7456.732942671515,6069135.225665807
Lulur Dalam Sapi Lokal ± 250 g,154,Sapi,58,4379532.8323263675,0,0,21152.869001275394,4358379.963325093
Luncang +/- 200 g,2277,Sayur,476,4663332.557318732,5,30000,48658.021781546995,4565689.949851064
Luvmi Jelly SEGITIGA Mix 200g SB,2611,Sukses,1,23590.448730858043,0,0,0,23590.448730858043
Luvmi Konjac GRAPE Fruit Jelly 200g SB,2610,Sukses,56,910630.6157819927,1,10000,111014.00269432296,783355.3520915627
Luvmi Konjac MANGO Fruit Jelly 200g SB,2609,Sukses,44,743892.521681264,1,10000,98903.89208716806,628081.9813740673
Luvmi Konjac STRAWBERRY Fruit Jelly 200g SB,2608,Sukses,59,920636.009934824,1,10000,123650.77853434789,781381.2312320892
Lychee,10086,Buah Import,67,3823204.203515779,0,0,198856.07296555256,3624348.1305502267
Mamee Monster - Noodle Snack BBQ Flavor SB,672,Sukses,16,624381.4851343632,0,0,987.0736713521183,623394.411463011
Mamee Monster - Noodle Snack Chicken Flavor SB,658,Sukses,23,1194770.6066127867,0,0,3271.61397138983,1191498.9926413968
Mee Suah Amoy Flour Vermicelli SB,673,Sukses,116,7621519.248577766,1,33500,18626.239913469646,7537190.256521385
Meiji - Hello Panda Choco 25 g,944,SK,25,179796.13612405956,0,0,1603.7815342266113,178192.35458983295
Meiji - Hello Panda Choco 42 g,943,SK,24,388819.5500224829,1,8000,3878.06999110966,368740.6654471031
Meiji - Hello Panda Strawberry 25 g,10059,SK,31,258386.82533893734,0,0,2763.0720193502493,255623.7533195871
Meiji - Hello Panda Strawberry 42gr,1019,SK,24,429661.5647524595,1,8000,1277.7955910086166,410481.20396343176
Melon Aruni Hidroponik,1611,Buah Lokal,17.34,1140004.7433090722,0,0,2253.6119347093627,1137751.1313743629
Melon Cantalope HP,10617,Buah Lokal,423.24,38666371.33180325,6.13,242135,482206.1692020404,37624140.45731826
Melon Cantalope potong,10641,Buah Potong,175,5816221.83471336,0,0,38469.045140683185,5777752.789572677
Melon Greenie Sweet,2555,Buah Lokal,20.42,1507215.905936712,0,0,0,1507215.905936712
Melon Ithanon Hidroponik,2336,Buah Lokal,153.31,11558731.07526952,0,0,280442.73342026863,11278288.34184925
Melon Ithanon potong +/- 250 g,2387,Buah Potong,67,2485942.298155278,0,0,48858.04206284881,2437084.256092429
Melon Sweet Hami Potong,2060,Buah Potong,188,6085350.201060064,3,45000,61170.71707427292,5927072.8318412155
Melon Sweet Hamigua Premium Hidroponik,2188,Buah Lokal,196.59,11948033.155230973,0,0,198781.92130557075,11749251.233925402
Mixed Mushroom 400 g,10525,Sayur Pelengkap,32,2575874.4736611843,0,0,417650.8010779973,2158223.672583187
MMSK - Delisaos Bolognese 315 g,1095,Mama Suka,2,51555.710069602355,0,0,183.11165990238078,51372.598409699975
MMSK - Delisaos Bulgogi 160 ml,1092,Mama Suka,3,60026.62175532896,0,0,138.88512484566309,59887.7366304833
MMSK - Delisaos Saos Tiram Udang & Jamur 130 ml,1223,Mama Suka,3,48854.42855232395,0,0,0,48854.42855232395
MMSK - Delisaos Teriyaki 160 ml,1093,Mama Suka,3,47996.79272342473,0,0,0,47996.79272342473
MMSK - Mayonais 100 g,1086,Mama Suka,6,96085.39460599422,0,0,0,96085.39460599422
MMSK - Sup Krim Ayam 55 g,10069,Mama Suka,3,56862.501645460725,0,0,6799.807488436345,50062.69415702438
MMSK - Sup Krim Jagung 55 g,10070,Mama Suka,6,86653.59913185239,0,0,3424.6224490234163,83228.97668282897
MMSK - Sushi Nori 20 g,1146,Mama Suka,4,275641.40774309635,0,0,0,275641.40774309635
MMSK - Tepung Roti 200 g,1099,Mama Suka,3,89001.86356413178,0,0,0,89001.86356413178
MMSK - Tepung Roti Mix 100 g,1367,Mama Suka,2,33282.88354561664,0,0,0,33282.88354561664
MMSK - Tepung Roti Mix 200 g,1225,Mama Suka,3,58347.15757984668,0,0,4222.0651526527945,54125.092427193886
Mola - Chia Seed Premium Organic 100 g SB,359,Sukses,39,2108584.511705674,0,0,12491.239199838834,2096093.2725058354
Myfruit Durian Monthong pack,10350,Buah Import,11,2368570.7180702593,0,0,0,2368570.7180702593
Naibai Hidroponik,389,Sayur Hidroponik,113,2105348.425246775,0,0,29510.070601664484,2075838.3546451107
Nanas Madu,121,Buah Lokal,650,13734890.744268894,4,44000,75231.78156602383,13573840.275859952
Nanas Madu KUPAS,120,Buah Potong,107,1848320.6327157095,0,0,4678.119936159812,1843642.5127795497
Nanas Madu Potong box ± 250 g,90,Buah Potong,846,23696199.881533626,7,78000,188233.65430129226,23320549.517562933
Navel Sweet RRC,10677,Buah Import,4.67,314287.7986489795,1.01,40400,0,246315.49101825804
Nectarine,10581,Buah Import,25,2985794.68803294,1,68000,245185.73702245764,2625445.003882723
Ongkos Kirim,1000,Ongkos/Biaya,387,7115026.996796136,7,94000,9114.727204409894,6918596.056820732
Oyong/Gambas,3,Sayur,31.6,1314344.0071418881,0.52,10400,7187.298874497414,1285528.2625802457
P11 - Pear WS Autumn Honey isi 6,2440,Imlek,9,4318450.189149007,0,0,0,4318450.189149007
Pagoda Hidroponik,309,Sayur Hidroponik,97,2067941.0057952628,0,0,25149.28941412177,2042791.716381141
Pagoda Organik,1265,OR sayur organik,195,2734266.421822831,0,0,37981.76497493638,2696284.6568478947
Pala,216,Bumbu,10,109194.39938152209,0,0,661.7180602520239,108532.68132127007
Papagan Kucing Ori,10699,Buah Import,15.94,3269386.812176537,0,0,1668.0544960084371,3267718.7576805283
Paprika Hijau,58,Sayur,16.33,2174897.241202141,0.16,9280,15380.473553616088,2138207.3029459934
Paprika Kuning,447,Sayur,4.31,732834.7883136244,0,0,12014.209740989842,720820.5785726346
Paprika Merah,59,Sayur,15.03,2028939.0163226402,0.54,45900,17930.19568258198,1938112.8080775682
Parsley pack ± 50 g,4,Sayur,313,3387674.54779963,1,7000,45799.31893216469,3331051.9875006936
Pear Autumn Honey Wang Shan,10646,Buah Import,79.15,10705204.799529864,0,0,1179737.8486610772,9525466.950868785
Pear Autumn Honey Wang Shan pack satuan,2038,Buah Import,11.02,1455820.7834481495,0,0,153244.29299454205,1302576.4904536074
Pear Century DIF,103,Buah Import,109.89,6713497.493588338,2.58,77400,377902.22588347667,6177556.63402205
Pear Century DINO Premium,10591,Buah Import,57.31,4211067.015308118,0.75,33750,143056.58980521513,4012901.3649291624
Pear Century Premium,1376,Buah Import,14.16,797195.6497161649,0.57,19950,45602.293521899264,719502.8533455217
Pear Forelle,1179,Buah Import,59.33,9170784.188908808,0.76,49400,1637401.3218933675,7414009.686404476
Pear Golden Pohon,1969,Buah Import,9.99,1155254.5721169678,0,0,236385.1229036206,918869.4492133472
Pear Golden Premium,10634,Buah Lokal,25.58,3321727.7530615497,0,0,812108.7467020326,2509619.006359517
PEAR Golden Wang Shan PREMIUM,1677,Buah Import,45.98,6420114.868321014,0,0,1065803.0824026982,5354311.785918316
Pear Honey Peak Wang Shan,10645,Buah Import,16.89,2549893.3648134023,0,0,498118.600560952,2051774.7642524503
Pear Packham,1039,Buah Import,23.5,2335156.584794726,0,0,411802.3059647605,1923354.2788299657
Pear Prosperity AUS,10557,Buah Import,11.73,2189772.12400781,0,0,289744.37495567277,1900027.7490521371
Pear Singo,1885,Buah Import,13.16,1337017.146764826,0,0,305807.1133557847,1031210.0334090414
Pear Singo Wang Shan Premium,1675,Buah Import,15.98,2211902.6708083972,0,0,610385.2860277724,1601517.3847806249
Pear Xiang Lie,2381,Buah Import,21.29,1741287.2555707488,0,0,7499.4197660163045,1733787.8358047325
Pear Xiang Lie Asli,1132,Buah Import,31.83,3183185.4484020732,0,0,500885.1809440367,2682300.2674580365
Pear Xiang Lie Jumbo,125,Buah Import,18.42,1924613.9345137915,0,0,146866.85336018447,1777747.081153607
Pearl River - Soy Sauce 150ml Botol SB,10390,SM,12,438918.685130775,0,0,387.7115051988512,438530.9736255761
Pearl River - Soy Sauce 600ml Botol SB,439,SM,13,665078.5568153951,0,0,8781.347396562574,656297.2094188326
Pekak 10 g,1812,Bumbu,4,36128.645312041044,0,0,0,36128.645312041044
Pelangi Galon isi,10597,Minuman,163,5272075.434038648,6,102000,541680.541536933,4536330.766095385
Pepaya California,126,Buah Lokal,320.05,5814874.663929082,0,0,41785.95134322066,5773088.712585862
Pepaya Hawaii,127,Buah Lokal,603.53,16468680.515375119,8.44,120480,116040.43008443154,16077535.28164299
Pepaya Potong box ± 300 g,1798,Buah Potong,1016,10763908.92221895,4,24500,90039.6679868577,10632132.169703428
Persimmon Dinofresh,2236,Buah Import,15.81,1496452.6747466298,0,0,455866.24295814126,1040586.4317884885
Pete Besar,10484,Sayur,27,224823.44118563924,0,0,0,224823.44118563924
Pete kecil,486,Sayur,2,11355.647671734914,0,0,0,11355.647671734914
Pete Kupas,1289,Sayur,20,356994.7567768395,0,0,817.5179930189624,356177.23878382053
Pete sedang,10632,Sayur,14,98276.33909299038,0,0,910.5603662901558,97365.77872670023
Pisang Kepok,129,Buah Lokal,5,268628.33090126514,0,0,0,268628.33090126514
Plastik Wrap uk 30 cm,2158,Other Products,16,487407.3742032051,0,0,3680.306462245295,483727.0677409598
Plastik Wrap uk 38 cm,2159,Other Products,7,223521.6905400157,0,0,0,223521.6905400157
Plum Black,10125,Buah Import,12.42,889138.707057503,0,0,86610.2871526652,802528.4199048379
Pocai Baby Organik 250g,1197,OR sayur organik,743,19691983.138055075,6,102000,175617.3804583447,19357345.705337875
Pocai pack 500g,61,Sayur,231,14248311.758106574,4,116000,194752.45053456165,13806835.294444626
Pocari Sweat 500 ml,10486,Minuman,1,12563.700514147058,0,0,0,12563.700514147058
Pocky Coklat,10626,Cemilan,36,113075.02008229494,0,0,386.33965194784105,112688.6804303471
Pocky Strawberry,10627,Cemilan,6,20484.67193171382,0,0,42.676399857737124,20441.995531856082
Premium Big Celery,1671,Sayur,203.6,20612103.215404384,0.53,25440,114030.00234767678,20441552.545551106
PROMO Anggur Autumn Black Box,10648,Buah Import,6,381408.56383368373,0,0,14044.00818973314,367364.5556439506
PROMO Anggur Autumn Royal,10559,Buah Import,0.38,38782.12905116379,0,0,0,38782.12905116379
PROMO Anggur Crimson,1880,Buah Import,7,401934.4983389601,0,0,0,401934.4983389601
PROMO Anggur Long Crimson,10579,No category,6,145284.41053116694,0,0,0,145284.41053116694
PROMO Anggur Muscat,1533,Buah Import,20,1278664.6315129474,0,0,4438.128693742212,1274226.5028192052
PROMO Anggur Red Globe AUS,10594,Buah Import,3,79411.91267967224,0,0,16071.458518505096,63340.454161167145
PROMO Anggur Sweet Saphire,10585,Buah Import,6,132493.91372222453,0,0,323.3482418220956,132170.56548040244
PROMO Apel Ambrosia USA,10521,Buah Import,2.25,156879.50356310466,0,0,0,156879.50356310466
PROMO Apel Dazzle Besar,10629,Buah Import,1.85,214216.97535603307,0,0,251.55022269207984,213965.425133341
PROMO Apel Envy,10568,Buah Import,12.28,1680110.7609127648,0.43,27950,9688.736948736478,1611590.78396464
PROMO Apel Envy JUMBO,1560,Buah Import,5.78,1204875.5536263343,0,0,2972.3370058927685,1201903.2166204415
PROMO Apel Fuji 88,175,Buah Import,12.36,804980.0083794817,0,0,1597.9578876465093,803382.0504918352
PROMO Apel Fuji Wang Shan GAMBAR,10567,Buah Import,5.62,527093.652331573,0,0,694.037905205274,526399.6144263677
PROMO Apel Fuji Wang Shan Jumbo,1002,Buah Import,10.67,801972.2407965455,0,0,18136.448144724127,783835.7926518214
PROMO Apel Fuji Widerways GAMBAR,10595,Buah Import,7.39,543420.3591427999,0,0,0,543420.3591427999
PROMO Apel Granny Smith,1300,Buah Import,17.26,1179435.2040449157,0,0,14820.547316512093,1164614.6567284036
PROMO Apel Jade Snow Wang Shan,2259,Buah Import,5.71,952874.6954156086,0,0,2469.657848197967,950405.0375674106
PROMO Apel Miranda,10566,Buah Import,4,244501.30903162062,0,0,4920.588844261365,239580.72018735926
PROMO Apel Red Del USA,10028,Buah Import,9.69,529523.7056830782,0,0,0,529523.7056830782
PROMO Apel Royal Gala JUMBO,10616,Buah Import,3.07,331979.3834146578,0,0,15278.501047777012,316700.8823668808
PROMO Apel Royal Gala NZ,10435,Buah Import,0.75,53571.46211306099,0,0,926.7405069814995,52644.72160607949
PROMO Apel Royal Gala USA,2333,Buah Import,2.46,219899.681805633,0,0,0,219899.681805633
PROMO Blueberry Mountain Jumbo,10679,Buah Import,3,232442.71917035803,0,0,2576.793572517112,229865.92559784092
PROMO Buah Naga,10192,Buah Lokal,30.15,863883.5546742193,0,0,11659.827887109714,852223.7267871096
PROMO Jeruk Afrika,10654,Buah Import,0.49,44612.15607704362,0,0,550.3177529685199,44061.8383240751
PROMO Jeruk Baby Malang,10545,Buah Lokal,22.01,303550.9816305712,0,0,4962.315257366747,298588.66637320444
PROMO Jeruk Honey Tangerin Dino,10671,Buah Import,2,98980.83928273991,0,0,0,98980.83928273991
PROMO Jeruk Imperial,10613,Buah Import,0.72,76004.33531189337,0,0,0,76004.33531189337
PROMO Jeruk Murcot,10639,Buah Import,0.23,20241.96008895524,0,0,0,20241.96008895524
PROMO Jeruk Navel AUS Gold,10642,Buah Import,0.39,23839.967210800387,0,0,0,23839.967210800387
PROMO Jeruk Navel Dino Besar,10573,Buah Import,1.39,114449.13515746593,0,0,0,114449.13515746593
PROMO Jeruk Navel Honey Baby Orange,10535,Buah Import,0.58,34075.003380770795,0,0,0,34075.003380770795
PROMO Jeruk Navel Orange AUS,10598,Buah Import,0.69,37999.54992472194,0,0,1991.7638487112708,36007.78607601067
PROMO Jeruk Navel Vitor,10649,Buah Import,1.88,133104.25195614807,0,0,958.8361007175408,132145.41585543053
PROMO Jeruk Sunkist USA,2591,Buah Import,1.49,102718.95607751096,0,0,0,102718.95607751096
PROMO Jeruk Wogan,10392,Buah Import,12.7,799956.0951805906,0,0,1362.3549247507472,798593.7402558399
PROMO Kiwi Gold Zespri,2563,Buah Import,1.02,249281.87614353374,0,0,0,249281.87614353374
PROMO Kiwi Green,10575,Buah Import,1.32,132299.1522717476,0,0,0,132299.1522717476
PROMO Kiwi Green Zespri,10600,Buah Import,5.31,634841.1671008682,0,0,2937.3934343331493,631903.773666535
PROMO Kyuri Organik,2600,OR sayur organik,0.39,12810.993594210595,0,0,0,12810.993594210595
PROMO Lemon Australia,10614,Box,6.59,723767.4123264151,0,0,6438.369360030629,717329.0429663844
PROMO Paprika Hijau,10427,Sayur,0.53,25902.097268239595,0,0,382.82973949913867,25519.267528740456
PROMO Paprika Kuning,10425,Sayur,0.42,40799.52131237369,0,0,0,40799.52131237369
PROMO Pear Autumn Honey,10570,Buah Import,1.53,126712.01705544954,0,0,0,126712.01705544954
PROMO Pear Celina,10569,Buah Import,0.44,24845.78843023628,0,0,0,24845.78843023628
PROMO Pear Century DIF,1210,Buah Import,2.02,79291.9527810067,0,0,0,79291.9527810067
PROMO Pear Century Dino,10604,Buah Import,2.06,134178.23281707242,0,0,629.6389565849677,133548.59386048745
PROMO Pear Century Premium,10589,Buah Import,0.74,29283.280613832176,0,0,0,29283.280613832176
PROMO Pear Forelle,10655,Buah Import,0.48,32653.46909299493,0,0,1172.588939468842,31480.880153526086
PROMO Pear Golden Wang Shan,10593,Buah Import,1.22,89245.05367262755,0,0,0,89245.05367262755
PROMO Pear Packham,10065,Buah Import,1.43,84755.55605717935,0,0,2160.2754461644217,82595.28061101492
Promo Pear Xiang Lie Jumbo,10446,Buah Import,0.9,67818.15361382905,0,0,0,67818.15361382905
PROMO Persimmon,2217,Buah Import,0.23,14990.518615441397,0,0,14990.518615441397,0
PROMO Plum Black,10640,Buah Import,2.2,131660.8473281376,0,0,4891.399964372627,126769.44736376498
PROMO Shantang Top Sweet,10551,Buah Import,1,41775.5120905349,0,0,0,41775.5120905349
PROMO Sunpride - Pisang Cavendis ½,10371,Harga,79.38,3147666.0289436113,0,0,85064.79104842292,3062601.2378951884
PROMO Sweet Pear,10571,Buah Import,3.96,188998.65234419703,0,0,822.6845714449883,188175.96777275205
Pumpkin ,133,Buah Lokal,28.1,1078523.0850073276,0,0,6599.615880724741,1071923.4691266029
Rambak Sayur Besar 50 g,1694,Other Products,6,111248.39408090338,0,0,726.8228413285688,110521.57123957481
Raspberries Driscolls 125 g,2604,Buah Import,8,1493344.0747857094,0,0,19684.990076720715,1473659.0847089887
Red Frag Peach,10584,Buah Import,28,4397321.667377837,0,0,163402.8428448271,4233918.82453301
Red Kiwi,10635,Buah Import,47,4653441.973035922,0,0,432440.74568009377,4221001.2273558285
Redboat - Jamur Champignon Kalengan 425 g SB,1461,Sukses,69,2513080.277745612,0,0,13880.454446459189,2499199.823299153
RedBoat - Pickled Lettuce Jaisim 198 g SB,1182,Sukses,34,750635.117101483,0,0,3898.8871082388796,746736.2299932442
Rice Crackers Blok pcs,10528,Sukses,288,797656.738948077,0,0,10423.084007782163,787233.6549402948
Roman Hidroponik pack ± 250 g,279,Sayur Hidroponik,110,4288461.5972824395,0,0,120813.55520880036,4167648.042073639
Roman Organik pack ± 250 g,1170,OR sayur organik,620,16430427.352024708,3,39000,284524.9211412738,16075136.371609114
Rose Brand - Tepung Beras Putih 500 g,409,Bumbu,9,154502.69442424178,0,0,381.96499454881996,154120.72942969296
Saikoro Wagyu ± 500 g,10547,CBPSB,20,5559463.95273786,0,0,4821.708060631296,5554642.244677229
Samhong Hidroponik pack ± 250 g,334,Sayur Hidroponik,193,3407910.5733614415,2,20000,59151.0861642668,3313444.3517219266
San Remo - Angel Hair 500 g,509,SK,5,202603.00485941116,0,0,1087.17536947201,201515.82948993915
San Remo - Elbows 250 g,2100,SK,9,275097.28944743983,0,0,1296.0138969523832,273801.27555048745
San Remo - Fettuccine 500g,1020,SK,2,85232.67491394654,0,0,0,85232.67491394654
San Remo - Fusilli 500 g,505,SK,9,545807.7536209021,0,0,2243.8763204414863,543563.8773004606
San Remo - Macaroni 500 g,507,SK,2,96581.34680008516,0,0,0,96581.34680008516
San Remo - Pasta Bolognese & Mushroom 500 g,471,SK,10,1111229.114269372,0,0,2925.178354133852,1108303.9359152382
San Remo - Pasta Bolognese 500 g,470,SK,6,525225.1124731265,0,0,465.1993853333406,524759.9130877932
San Remo - Penne 500 g,506,SK,4,179121.81253172457,0,0,404.68261349759996,178717.12991822697
San Remo - Spaghetti 250 g,687,SK,5,157340.66603472456,0,0,1831.445352644194,155509.22068208037
San Remo - Spaghetti 500 g,508,SK,7,326178.27567015775,0,0,430.80149616813287,325747.4741739896
SASA - MSG 90 g,1417,SASA,13,137512.47908803634,0,0,3044.314729348989,134468.16435868735
SASA - Sambal Extra Pedas 135 ml,1414,SASA,3,53431.82431370951,0,0,0,53431.82431370951
SASA - Santan Cair 200 ml,1409,SASA,21,736385.7632089639,0,0,6926.137359049171,729459.6258499147
SASA - Santan Cair 65ml,1018,SASA,32,314785.58376431465,0,0,1904.4527817741036,312881.13098254055
SASA - Saus Tomat 135 ml,1415,SASA,4,48656.93527646363,0,0,397.36497142445296,48259.570305039175
SASA - Tepung Bumbu ala Kentucky 210 g,1411,SASA,21,255370.98258070182,0,0,6304.763452725019,249066.2191279768
SASA - Tepung Bumbu Bakwan 225 g,1412,SASA,12,133382.40982498974,0,0,0,133382.40982498974
SASA - Tepung Bumbu Serbaguna ORI 210 g,1410,SASA,23,230819.3901607301,0,0,1917.576472104527,228901.81368862558
SASA - Tepung Pisang Goreng Vanilla 210 g,1413,SASA,14,163860.17741216347,0,0,2130.182306358125,161729.99510580534
Sawi Hijau Hidroponik pack ± 250 g,275,Sayur Hidroponik,27,451982.9183667898,0,0,830.727863850072,451152.19050293975
Sawi Hijau pack,63,Sayur,505,3726279.784673825,0,0,24934.71477694856,3701345.0698968763
Sawi Pahit OR ± 250g,1350,OR sayur organik,426,3350258.373916149,0,0,127114.53576883674,3223143.8381473124
Sawi Putih,64,Sayur,135.07,4800688.360246317,0.61,12200,65371.03773290175,4713636.565130205
Sawi Sendok Hidroponik pack ± 250 g,274,Sayur Hidroponik,343,6006115.770856617,1,8500,77390.41370734712,5911214.8155432735
Sawi Sendok pack 250 g,2575,Sayur,261,2741661.792454077,0,0,35952.28462349088,2705709.5078305863
Sawi Sendok pack ± 500g,65,Sayur,534,8820885.467062239,2,16000,615579.102269833,8175537.504325627
Sayur Asin 250 g,308,Sayur,339,6171470.079270657,5,50000,54212.450587197905,6026232.996245839
SEGOMAN - Kecap Manis 140 ml,10552,No category,14,366330.4744637571,0,0,479.3695922982879,365851.10487145884
SEGOMAN - Kecap Manis 275 ml,10553,No category,4,158649.45435896516,0,0,8072.084237784147,150577.370121181
Selada Air pack,499,Sayur,91,1216284.226228483,2,12000,11196.052236308344,1178356.6525366036
Selada Keriting Hidroponik pack,281,Sayur Hidroponik,59.53,7406388.06815336,0.57,42750,31020.629196909722,7289727.6650999505
Selada Keriting Merah Hidroponik,10631,Sayur Hidroponik,4.26,405066.096913605,0.14,10500,0,388301.43779814243
Selada Keriting pack ± 250g,107,Sayur,888,18707879.115957767,2,30500,856934.6101733856,17798379.760225955
Seledri pack ± 50g,67,Sayur,168,874425.0246835873,7,17500,9860.183135479689,828130.4655196248
Semangka,134,Buah Lokal,1166.59,33536036.132900413,11.7,152100,146800.21056890208,33045675.859745458
Sempio - Udon Jepang Korea Basah SB,10051,Sukses,31,748771.9630240463,0,0,25025.408240321092,723746.5547837252
Sempio - Wheat Noodle Soft & Thin Kecil 220 g SB,1162,Sukses,24,716544.2976672202,0,0,90602.50769219687,625941.7899750234
Senna - Krupukku rasa Ikan 250 g,10097,Mama Suka,1,15435.605358798057,0,0,185.22726430557668,15250.37809449248
Sereh,74,Bumbu,56,278546.67046666145,0,0,1974.6969317011535,276571.9735349603
Serimping box ± 1 kg,1206,Seafood Ekspor,11,2018434.7748407163,0,0,20788.654887056444,1997646.1199536598
Serimping box ± 500 g,265,Seafood Ekspor,18,1361332.808693871,0,0,72198.4049242381,1289134.4037696328
Shantang DF +/- 1kg,10669,Buah Import,18,1804956.1228591483,1,42500,339.7564466558397,1704341.026253651
Shantang DF +/- 500g,10668,Buah Import,17,715385.0059211254,1,22500,1761.810916543007,671541.7240680456
Shantang Madu Tangerin box,10685,Buah Import,2,190064.06731903553,0,0,0,190064.06731903553
Shantang Madu Yuji Premium Box,10670,Buah Import,10,5374848.316423595,0,0,0,5374848.316423595
Shisamo Fish Blue pack +/ 250 g,2279,Seafood Ekspor,25,3373083.3594454452,0,0,31617.034689201973,3341466.3247562433
Shisamo Fish pack ± 500 g,882,Seafood Ekspor,8,2061393.3242671192,0,0,35231.08590565622,2026162.238361463
Siomak Organik pack ± 250 g,68,OR sayur organik,604,19050912.9459681,2,34000,187395.82288358686,18800434.62988594
Sirloin Slice Wagyu +/-500g,10536,CBPSB,54,14434104.83841598,0,0,58877.38683146052,14375227.45158452
Soun Jagung Cap Naga SB,341,Sukses,45,596569.9156554183,0,0,5994.623758525355,590575.291896893
Spring Home - Roti Paratha 325 g,320,SK Frozen,6,370649.92288243957,0,0,765.6618125271052,369884.26106991246
Spring Home TYJ Roll Pastry 5 inch (50 sheet) 250 g,707,SK Frozen,13,751356.7110905424,0,0,8948.16302905907,742408.5480614833
Spring Home TYJ Roll Pastry 8.5 inch (20 sheet) 275 gram,316,SK Frozen,14,763607.5094486587,0,0,5409.058045366779,758198.4514032919
Sterofoam,10630,No category,6,368613.257529214,0,0,0,368613.257529214
Strawberry Ahjuma 250 g,2399,Buah Import,24,7346969.069978222,0,0,4419.313213305082,7342549.756764917
Strawberry Lokal,135,Buah Lokal,826,28432998.861819506,6,105000,566111.7278222144,27667656.9117423
Striploin Wagyu ± 200g Meltique,398,Sapi,27,5197239.671749994,0,0,43471.39395887032,5153768.277791124
Sugar Plum Box,10126,Buah Import,68,5852141.341790557,0,0,1360308.4762219526,4491832.865568604
Sunpride - Pisang Cavendis isi 2 pc,10368,Sunpride,3,34560.4300161358,0,0,0,34560.4300161358
Sunpride - Pisang Cavendis ½,10370,Sunpride,547.13,20193223.75455622,4.58,112210,622464.5354591624,19401722.674224965
SW - Apple Cider Vinegar,654,SK,1,153499.15184732527,0,0,0,153499.15184732527
Sweet Pear Premium,735,Buah Import,38.98,2264673.204762046,0,0,184368.40589989442,2080304.7988621518
Sweetme ICE LOLLY Fruit Jelly Mix 400g SB,2613,Sukses,5,120987.37531341612,0,0,0,120987.37531341612
Sweetme RAINBOW Marshmallow Mix 108g SB,2614,Sukses,8,218696.58623356372,1,13500,5759.010104150511,185600.50285021774
Tahu,69,Sayur,577,10741882.122157026,2,19000,109933.06636664504,10594715.49557493
Tahu Susu stiker Oval,2580,Sayur,215,8695160.531682195,0,0,80906.62504021334,8614253.906641982
Tas Hampers Pink (Pita),10313,Parcel,1,19862.569966353476,0,0,0,19862.569966353476
Tas Kain Hijau,2001,Other Products,1,15116.607306525111,0,0,0,15116.607306525111
Tas Kain Merah,10258,Other Products,2,30506.70262053609,0,0,0,30506.70262053609
Tauge Kecil pack ± 100 g,70,Sayur,20,124712.02518325299,0,0,2916.1828555350658,121795.84232771792
Tauge Kedelai pack ± 200 g,71,Sayur,58,546661.5592679009,4,24000,12018.699971145717,496942.06210586545
Tauge pack ± 250 g,72,Sayur,544,7926602.478459477,2,12000,122920.62225787528,7774539.935324913
Telur Healthy Egg,2677,Telur,2090,126603996.97138928,56,1400000,5417209.35978794,117794527.40566938
Telur H²E Herbal Healthy Egg,531,Telur,201,12724307.37208575,2,80000,60437.29476681724,12537260.05371609
Telurku Ayam Kampung  (6 butir),187,Telur,117,6004979.696732014,1,24000,18434.09009466879,5935220.993844764
Telurku Ayam Kampung Merah (6 butir),424,Telur,546,32683978.58947143,3,72000,169378.53342738212,32335017.756101895
Telurku Ayam Kampung Merah curah,1983,Telur,30,0,0,0,0,0
Tempe,73,Sayur,690,3780569.2950217053,4,14000,36248.067091605626,3722404.8841908434
Tempelan Imlek,10708,Imlek,1,73349.51108554378,0,0,0,73349.51108554378
Tepung Terigu Segitiga Biru,411,Bumbu,25,645306.225726381,1,13000,1564.6194026842713,617929.3572946414
Terasi Udang Super bungkus foil,219,Bumbu,17,192073.38529475965,0,0,1493.0074067029636,190580.37788805668
Terong Ungu Super,75,Sayur,19.8,494492.4995696638,0.48,7200,5655.8620236974675,476848.94058670173
Tetelan Salmon 400 g,10430,Salmon,20,775096.6229941696,0,0,78379.32071041642,696717.3022837532
Tetelan Salmon 500 g,10643,Salmon,5,281197.6217490155,0,0,14534.542672963114,266663.0790760524
Timun Baby pack ± 500 g,76,Sayur,249,6064591.138914693,2,23000,94709.05798896565,5920243.078721087
Timun Besar pack,77,Sayur,134.85,5806806.433494091,0.64,12800,53251.2495007813,5727889.032183617
Tomat Besar pack ± 250 g,590,Sayur,216,4367949.780780589,1,9500,46803.20402284688,4300409.183995415
Tomat Besar pack ± 500 g,81,Sayur,207,7288992.297532037,0,0,55321.11841711332,7233671.179114924
Tomat Ceri box ± 250 g,82,Sayur,42,2312761.0848890617,0,0,97904.43856074288,2214856.646328319
Tomat Ceri Premium BCS 250 g,366,Sayur,129,4817888.991738902,0,0,50541.64086315408,4767347.350875748
Tomat Ceri Premium BCS 500 g,1339,Sayur,68,5127608.921606094,0,0,29037.599052379606,5098571.322553714
Tomat Cherry Highland,2242,Buah Import,7,404525.02054860815,0,0,2041.8881989596412,402483.1323496485
Tongkol Siap Saji 250 g,10572,Delta Food,58,3610588.9081477653,0,0,20907.460285675712,3589681.4478620896
Tortilla Bread 8 inch,360,SK Frozen,34,2328733.430065913,0,0,4223.386679126415,2324510.0433867867
Totole - Kaldu Jamur 80 g SB,997,Sukses,135,2792339.2969113775,1,13500,22887.22327421792,2748768.0788452234
TTS - Amoy Taosi Kaleng SB,343,Sukses,34,932543.9954865724,0,0,8544.995381102897,923999.0001054695
TTS - Kwetiau Kering SB,646,Sukses,11,463037.4290095642,0,0,6414.220028612763,456623.20898095146
TTS - Maling 170 g SB,664,Sukses,155,8289976.592911407,1,33000,42151.65419910848,8194341.218758032
TTS - Maling 397g SB,303,Sukses,168,19661641.175782308,2,114000,47043.39208641648,19380530.62684134
TTS - Maling Premium 397 g SB,665,Sukses,27,3553588.9426285867,0,0,35201.02239512396,3518387.920233463
TTS - Sohun 100 g,10644,Sukses,7,132851.69938066974,0,0,213.76138095837086,132637.93799971137
Ubi Jepang Orange,1173,Sayur,60.32,1058498.0947817443,0,0,3844.0579093080014,1054654.0368724363
Udang (Tanpa Kepala) 250 g,691,Seafood Ekspor,2,147924.273442477,0,0,7671.722631410463,140252.55081106653
Udang Laut box size L ± 500 g,184,Seafood Lokal,32,5852777.302823961,1,75000,228514.37381713302,5441363.638293579
Udang Laut box size M ± 500 g,185,Seafood Lokal,20,2939143.1836411357,0,0,21769.253846835345,2917373.9297943003
Udang Laut box size XL 500 g,1361,Seafood Lokal,29,5692001.792811789,0,0,83329.52076965477,5608672.272042134
Udang Laut box ± 250 g,180,Seafood Lokal,18,1082030.187388882,0,0,19470.53209418105,1062559.655294701
Udang Laut Jumbo ± 500 g,179,Seafood Lokal,35,6448639.636149164,0,0,327875.99126871256,6120763.644880451
Udang Vaname size L ± 500 g,177,Seafood Lokal,123,17977336.149854816,0,0,77385.36786024226,17899950.781994577
Udang Vaname size M ± 500 g,178,Seafood Lokal,39,6028723.438179586,0,0,76173.57464492787,5952549.863534658
Udang Vaname size XL ± 500 g,1220,Seafood Lokal,51,6987167.807165533,1,80000,166977.89772109338,6683186.619107861
Udang Vaname ± 250 g,183,Seafood Lokal,51,2708602.0162061322,0,0,87407.36328376085,2621194.6529223714
Unagi,881,Seafood Ekspor,28,8759208.467172459,0,0,40198.510286845034,8719009.956885614
VIT Botol 550 ml,2669,nonongan,785,2426283.3748734556,3,6000,231.81051352294162,2416779.143819015
Vit botol 550 ml DUS,10555,Minuman,3,266014.4175037276,0,0,1502.6219799534883,264511.7955237741
Wagyu steak +/-160g meltique,10513,CBPSB,27,3395476.615196094,0,0,1534.2523964960128,3393942.362799598
Wagyu Steak +/-200g Meltique,10512,CBPSB,16,2950449.9384295195,0,0,21884.73889936623,2928565.1995301535
Wan Ja Shan - Mirin 450ml SB,435,Sukses,5,291988.9234378934,0,0,0,291988.9234378934
Wan Ja Shan - Rice Vinegar 600 ml SB,433,Sukses,6,260847.309048404,0,0,3260.1900595526677,257587.11898885132
Wogan bag,10621,Buah Import,86,13965926.906685345,0,0,245555.47262083646,13720371.434064507
Wogan Premium JUMBO,10619,Buah Import,65.41,7007587.576865032,0,0,223036.64659342915,6784550.930271603
Wogan Seedless Dino Box,10564,Buah Import,60,5034279.551357031,0,0,516376.5416650893,4517903.009691942
Wortel Baby Organik pack ± 250g,10212,OR sayur organik,280,2435999.5410311967,2,10000,26105.215081493603,2392494.329228052
Wortel Baby pack ± 500g,1081,Sayur,64,932377.8915703297,0,0,23775.636235043406,908602.2553352863
Wortel pack ± 1 kg,307,Sayur,188,11371429.466237314,2,54000,62808.78134235041,11186928.811891235
Wortel pack ± 500 g,85,Sayur,552,18418128.073907923,4,57000,172188.297773676,18113150.337706123
Yakult isi 5,1115,Minuman,150,3529017.000017222,1,10500,22615.468918297905,3483082.0355040967
Yakult Light,1965,Minuman,190,4240586.539380252,0,0,39009.77454335941,4201576.7648368925
Yakult Mangga,10561,Minuman,68,1629834.5508351922,0,0,16427.235485586338,1613407.3153496059
Yeo's - Minuman Rasa Leci Kaleng,893,Sukses,6,71919.84944441356,0,0,0,71919.84944441356
Yun Yi - Hans Tahu Kuning (isi 10),1383,Yun Yi,51,1791066.004713066,1,18000,17637.512726150453,1738309.5507180318
Yun Yi - Hans Tahu Putih (isi 10),1382,Yun Yi,100,3225371.2995909154,1,18000,25168.647374474443,3167948.939220532
Yun Yi - Prima Tahu Kuning (isi 4),1385,Yun Yi,81,3325602.478883229,3,57000,17976.404822501354,3184455.6118798675
Yun Yi - Prima Tahu Putih (isi 4),1384,Yun Yi,217,10045005.3717806,2,38000,47625.45840591006,9904799.218703901
Yun Yi - Tahu Susu (isi 10),10615,Yummy Food,75,3035876.940266462,0,0,29463.388097082032,3006413.55216938
Yun Yi - Tahu Sutra,1386,Yun Yi,148,6618441.6301762685,2,46000,87898.5044703316,6441104.7252981495
Zukini Organik,1169,OR sayur organik,76.21,7106834.66826519,0.39,19500,28960.747599743307,7041505.1302098185
